RecordType,BusinessID,BusinessName,City,State,Country,Address,Phone,MailingAddress,Website,Description,Tags,Service,Days,StartTimeLocal,EndTimeLocal,WindowName,IsSpecial,SpecialType,MenuID,MealPeriod,SectionID,SectionName,AvailabilityWindow,ItemID,ItemName,ItemDescription,Price,PriceType,Size,OptionGroupIDs,Tags,OptionGroupID,OptionGroupName,Required,MinSelections,MaxSelections,OptionName,OptionPriceDelta,OptionDescription,OptionTags,PolicyType,AgeMax,Notes,EventID,EventCategory,EventTitle,StartDate,StartTime,EndTime,Recurrence,ArtistName,EventDescription,Admission,Price,Source
BUSINESS,cobalt_orange_beach_al,Cobalt the Restaurant,Orange Beach,AL,US,"28099 Perdido Beach Blvd, Orange Beach, AL 36561",251-923-5300,"P.O. Box 1215, Orange Beach, AL 36561",,Contemporary coastal cuisine; located under Perdido Pass Bridge next to Caribe Resort; waterfront bay views; boat slips available; casual atmosphere; live music; superior service.,"waterfront,coastal cuisine,boat slips,bay view,brunch,happy hour,sunset specials,live music",,,,,,,,,,,,,,,,,,,,"waterfront,coastal cuisine,boat slips,bay view,brunch,happy hour,sunset specials,live music",,,,,,,,,,,,,,,,,,,,,,,,
HOURS,cobalt_orange_beach_al,Cobalt the Restaurant,Orange Beach,AL,US,,,,,,,Lunch+Dinner,Sunday-Thursday,11:00,20:30,,,,,,,,,,,,,,,,,,,,,,,,,,,,From provided text.,,,,,,,,,,,,
HOURS,cobalt_orange_beach_al,Cobalt the Restaurant,Orange Beach,AL,US,,,,,,,Lunch+Dinner,Friday-Saturday,11:00,21:00,,,,,,,,,,,,,,,,,,,,,,,,,,,,From provided text.,,,,,,,,,,,,
HOURS,cobalt_orange_beach_al,Cobalt the Restaurant,Orange Beach,AL,US,,,,,,,Brunch,Sunday,11:00,14:00,,,,,,,,,,,,,,,,,,,,,,,,,,,,From provided text.,,,,,,,,,,,,
SERVICE_WINDOW,cobalt_orange_beach_al,Cobalt the Restaurant,Orange Beach,AL,US,,,,,,,,Daily,16:00,18:00,Happy Hour,TRUE,happy_hour,,,,,,,,,,,,,,,,,,,,,,,,,,,,,,,,,,,,,
SERVICE_WINDOW,cobalt_orange_beach_al,Cobalt the Restaurant,Orange Beach,AL,US,,,,,,,,Daily,16:00,19:00,Sunset Menu,TRUE,sunset_specials,,,,,,,,,,,,,,,,,,,,,,,,,,,,,,,,,,,,,
SERVICE_WINDOW,cobalt_orange_beach_al,Cobalt the Restaurant,Orange Beach,AL,US,,,,,,,,Sunday,11:00,14:00,Sunday Brunch,FALSE,brunch,,,,,,,,,,,,,,,,,,,,,,,,,,,,,,,,,,,,,
OPTION_GROUP,cobalt_orange_beach_al,Cobalt the Restaurant,Orange Beach,AL,US,,,,,,,,,,,,,,,,,,,,,,,,,,,og_cooking_style,Cooking Style,TRUE,1.0,1.0,,,,,,,Used where item states grilled/blackened/fried.,,,,,,,,,,,,
OPTION,cobalt_orange_beach_al,Cobalt the Restaurant,Orange Beach,AL,US,,,,,,,,,,,,,,,,,,,,,,,,,,,og_cooking_style,,,,,Grilled,,,,,,,,,,,,,,,,,,
OPTION,cobalt_orange_beach_al,Cobalt the Restaurant,Orange Beach,AL,US,,,,,,,,,,,,,,,,,,,,,,,,,,,og_cooking_style,,,,,Blackened,,,,,,,,,,,,,,,,,,
OPTION,cobalt_orange_beach_al,Cobalt the Restaurant,Orange Beach,AL,US,,,,,,,,,,,,,,,,,,,,,,,,,,,og_cooking_style,,,,,Fried,,,,,,,,,,,,,,,,,,
OPTION_GROUP,cobalt_orange_beach_al,Cobalt the Restaurant,Orange Beach,AL,US,,,,,,,,,,,,,,,,,,,,,,,,,,,og_oyster_qty,Oyster Quantity,TRUE,1.0,1.0,,,,,,,Half Dozen or Dozen.,,,,,,,,,,,,
OPTION,cobalt_orange_beach_al,Cobalt the Restaurant,Orange Beach,AL,US,,,,,,,,,,,,,,,,,,,,,,,,,,,og_oyster_qty,,,,,Half Dozen,,,,,,,,,,,,,,,,,,
OPTION,cobalt_orange_beach_al,Cobalt the Restaurant,Orange Beach,AL,US,,,,,,,,,,,,,,,,,,,,,,,,,,,og_oyster_qty,,,,,Dozen,,,,,,,,,,,,,,,,,,
OPTION_GROUP,cobalt_orange_beach_al,Cobalt the Restaurant,Orange Beach,AL,US,,,,,,,,,,,,,,,,,,,,,,,,,,,og_fried_platter_sauce,Sauce Choice,TRUE,1.0,1.0,,,,,,,Choice of cocktail or tartar sauce.,,,,,,,,,,,,
OPTION,cobalt_orange_beach_al,Cobalt the Restaurant,Orange Beach,AL,US,,,,,,,,,,,,,,,,,,,,,,,,,,,og_fried_platter_sauce,,,,,Cocktail Sauce,,,,,,,,,,,,,,,,,,
OPTION,cobalt_orange_beach_al,Cobalt the Restaurant,Orange Beach,AL,US,,,,,,,,,,,,,,,,,,,,,,,,,,,og_fried_platter_sauce,,,,,Tartar Sauce,,,,,,,,,,,,,,,,,,
OPTION_GROUP,cobalt_orange_beach_al,Cobalt the Restaurant,Orange Beach,AL,US,,,,,,,,,,,,,,,,,,,,,,,,,,,og_sandwich_side_choice,Sandwich Side Choice ($4 side),TRUE,1.0,1.0,,,,,,,All sandwiches served with one $4 side.,,,,,,,,,,,,
OPTION,cobalt_orange_beach_al,Cobalt the Restaurant,Orange Beach,AL,US,,,,,,,,,,,,,,,,,,,,,,,,,,,og_sandwich_side_choice,,,,,Brown Butter Green Beans,0,,,,,,,,,,,,,,,,,
OPTION,cobalt_orange_beach_al,Cobalt the Restaurant,Orange Beach,AL,US,,,,,,,,,,,,,,,,,,,,,,,,,,,og_sandwich_side_choice,,,,,Creamy Parmesan Risotto,0,,,,,,,,,,,,,,,,,
OPTION,cobalt_orange_beach_al,Cobalt the Restaurant,Orange Beach,AL,US,,,,,,,,,,,,,,,,,,,,,,,,,,,og_sandwich_side_choice,,,,,Grilled Asparagus,0,,,,,,,,,,,,,,,,,
OPTION,cobalt_orange_beach_al,Cobalt the Restaurant,Orange Beach,AL,US,,,,,,,,,,,,,,,,,,,,,,,,,,,og_sandwich_side_choice,,,,,Tasso Ham Succotash,0,,,,,,,,,,,,,,,,,
OPTION,cobalt_orange_beach_al,Cobalt the Restaurant,Orange Beach,AL,US,,,,,,,,,,,,,,,,,,,,,,,,,,,og_sandwich_side_choice,,,,,Fried Brussels Sprouts,0,,,,,,,,,,,,,,,,,
OPTION,cobalt_orange_beach_al,Cobalt the Restaurant,Orange Beach,AL,US,,,,,,,,,,,,,,,,,,,,,,,,,,,og_sandwich_side_choice,,,,,Smoked Cheddar Bacon Mashed Potatoes,0,,,,,,,,,,,,,,,,,
OPTION,cobalt_orange_beach_al,Cobalt the Restaurant,Orange Beach,AL,US,,,,,,,,,,,,,,,,,,,,,,,,,,,og_sandwich_side_choice,,,,,Jambalaya Rice,0,,,,,,,,,,,,,,,,,
OPTION,cobalt_orange_beach_al,Cobalt the Restaurant,Orange Beach,AL,US,,,,,,,,,,,,,,,,,,,,,,,,,,,og_sandwich_side_choice,,,,,Buttermilk Pepper Jack Cheese Grits,0,,,,,,,,,,,,,,,,,
OPTION,cobalt_orange_beach_al,Cobalt the Restaurant,Orange Beach,AL,US,,,,,,,,,,,,,,,,,,,,,,,,,,,og_sandwich_side_choice,,,,,Cole Slaw,0,,,,,,,,,,,,,,,,,
OPTION,cobalt_orange_beach_al,Cobalt the Restaurant,Orange Beach,AL,US,,,,,,,,,,,,,,,,,,,,,,,,,,,og_sandwich_side_choice,,,,,French Fries,0,,,,,,,,,,,,,,,,,
OPTION_GROUP,cobalt_orange_beach_al,Cobalt the Restaurant,Orange Beach,AL,US,,,,,,,,,,,,,,,,,,,,,,,,,,,og_bbq_shrimp_double,BBQ Gulf Shrimp Add-on,FALSE,0.0,1.0,,,,,,,,,,,,,,,,,,,
OPTION,cobalt_orange_beach_al,Cobalt the Restaurant,Orange Beach,AL,US,,,,,,,,,,,,,,,,,,,,,,,,,,,og_bbq_shrimp_double,,,,,Double Shrimp,8.00,,add_on,,,,,,,,,,,,,,,
OPTION_GROUP,cobalt_orange_beach_al,Cobalt the Restaurant,Orange Beach,AL,US,,,,,,,,,,,,,,,,,,,,,,,,,,,og_oscar_addon,Oscar Add-on,FALSE,0.0,1.0,,,,,,,,,,,,,,,,,,,
OPTION,cobalt_orange_beach_al,Cobalt the Restaurant,Orange Beach,AL,US,,,,,,,,,,,,,,,,,,,,,,,,,,,og_oscar_addon,,,,,Oscar Topped,9.00,,add_on,,,,,,,,,,,,,,,
OPTION_GROUP,cobalt_orange_beach_al,Cobalt the Restaurant,Orange Beach,AL,US,,,,,,,,,,,,,,,,,,,,,,,,,,,og_wedge_brian_style,Wedge Modifier,FALSE,0.0,1.0,,,,,,,,,,,,,,,,,,,
OPTION,cobalt_orange_beach_al,Cobalt the Restaurant,Orange Beach,AL,US,,,,,,,,,,,,,,,,,,,,,,,,,,,og_wedge_brian_style,,,,,Brian Style,7.00,"No tomatoes; add peppadews, hard boiled egg, blackened chicken.",modifier,,,,,,,,,,,,,,,
OPTION_GROUP,cobalt_orange_beach_al,Cobalt the Restaurant,Orange Beach,AL,US,,,,,,,,,,,,,,,,,,,,,,,,,,,og_pizza_sauce,Pizza Sauce,TRUE,1.0,1.0,,,,,,,For Build Your Own Pizza.,,,,,,,,,,,,
OPTION,cobalt_orange_beach_al,Cobalt the Restaurant,Orange Beach,AL,US,,,,,,,,,,,,,,,,,,,,,,,,,,,og_pizza_sauce,,,,,Marinara,,,,,,,,,,,,,,,,,,
OPTION,cobalt_orange_beach_al,Cobalt the Restaurant,Orange Beach,AL,US,,,,,,,,,,,,,,,,,,,,,,,,,,,og_pizza_sauce,,,,,Alfredo,,,,,,,,,,,,,,,,,,
OPTION,cobalt_orange_beach_al,Cobalt the Restaurant,Orange Beach,AL,US,,,,,,,,,,,,,,,,,,,,,,,,,,,og_pizza_sauce,,,,,Roasted Garlic Oil,,,,,,,,,,,,,,,,,,
OPTION_GROUP,cobalt_orange_beach_al,Cobalt the Restaurant,Orange Beach,AL,US,,,,,,,,,,,,,,,,,,,,,,,,,,,og_pizza_toppings,Pizza Toppings ($2 each),FALSE,0.0,99.0,,,,,,,Additional toppings are $2 each.,,,,,,,,,,,,
OPTION,cobalt_orange_beach_al,Cobalt the Restaurant,Orange Beach,AL,US,,,,,,,,,,,,,,,,,,,,,,,,,,,og_pizza_toppings,,,,,Mozzarella,2.00,,topping,,,,,,,,,,,,,,,
OPTION,cobalt_orange_beach_al,Cobalt the Restaurant,Orange Beach,AL,US,,,,,,,,,,,,,,,,,,,,,,,,,,,og_pizza_toppings,,,,,Parmesan,2.00,,topping,,,,,,,,,,,,,,,
OPTION,cobalt_orange_beach_al,Cobalt the Restaurant,Orange Beach,AL,US,,,,,,,,,,,,,,,,,,,,,,,,,,,og_pizza_toppings,,,,,Smoked Gouda,2.00,,topping,,,,,,,,,,,,,,,
OPTION,cobalt_orange_beach_al,Cobalt the Restaurant,Orange Beach,AL,US,,,,,,,,,,,,,,,,,,,,,,,,,,,og_pizza_toppings,,,,,Fresh Mozzarella,2.00,,topping,,,,,,,,,,,,,,,
OPTION,cobalt_orange_beach_al,Cobalt the Restaurant,Orange Beach,AL,US,,,,,,,,,,,,,,,,,,,,,,,,,,,og_pizza_toppings,,,,,Bacon,2.00,,topping,,,,,,,,,,,,,,,
OPTION,cobalt_orange_beach_al,Cobalt the Restaurant,Orange Beach,AL,US,,,,,,,,,,,,,,,,,,,,,,,,,,,og_pizza_toppings,,,,,Pepperoni,2.00,,topping,,,,,,,,,,,,,,,
OPTION,cobalt_orange_beach_al,Cobalt the Restaurant,Orange Beach,AL,US,,,,,,,,,,,,,,,,,,,,,,,,,,,og_pizza_toppings,,,,,Italian Sausage,2.00,,topping,,,,,,,,,,,,,,,
OPTION,cobalt_orange_beach_al,Cobalt the Restaurant,Orange Beach,AL,US,,,,,,,,,,,,,,,,,,,,,,,,,,,og_pizza_toppings,,,,,Ground Beef,2.00,,topping,,,,,,,,,,,,,,,
OPTION,cobalt_orange_beach_al,Cobalt the Restaurant,Orange Beach,AL,US,,,,,,,,,,,,,,,,,,,,,,,,,,,og_pizza_toppings,,,,,Grilled Chicken,2.00,,topping,,,,,,,,,,,,,,,
OPTION,cobalt_orange_beach_al,Cobalt the Restaurant,Orange Beach,AL,US,,,,,,,,,,,,,,,,,,,,,,,,,,,og_pizza_toppings,,,,,Peppers,2.00,,topping,,,,,,,,,,,,,,,
OPTION,cobalt_orange_beach_al,Cobalt the Restaurant,Orange Beach,AL,US,,,,,,,,,,,,,,,,,,,,,,,,,,,og_pizza_toppings,,,,,Onions,2.00,,topping,,,,,,,,,,,,,,,
OPTION,cobalt_orange_beach_al,Cobalt the Restaurant,Orange Beach,AL,US,,,,,,,,,,,,,,,,,,,,,,,,,,,og_pizza_toppings,,,,,Anchovies,2.00,,topping,,,,,,,,,,,,,,,
OPTION,cobalt_orange_beach_al,Cobalt the Restaurant,Orange Beach,AL,US,,,,,,,,,,,,,,,,,,,,,,,,,,,og_pizza_toppings,,,,,Roasted Tomatoes,2.00,,topping,,,,,,,,,,,,,,,
OPTION,cobalt_orange_beach_al,Cobalt the Restaurant,Orange Beach,AL,US,,,,,,,,,,,,,,,,,,,,,,,,,,,og_pizza_toppings,,,,,Black Olives,2.00,,topping,,,,,,,,,,,,,,,
OPTION,cobalt_orange_beach_al,Cobalt the Restaurant,Orange Beach,AL,US,,,,,,,,,,,,,,,,,,,,,,,,,,,og_pizza_toppings,,,,,Pineapple,2.00,,topping,,,,,,,,,,,,,,,
OPTION,cobalt_orange_beach_al,Cobalt the Restaurant,Orange Beach,AL,US,,,,,,,,,,,,,,,,,,,,,,,,,,,og_pizza_toppings,,,,,Spinach,2.00,,topping,,,,,,,,,,,,,,,
OPTION,cobalt_orange_beach_al,Cobalt the Restaurant,Orange Beach,AL,US,,,,,,,,,,,,,,,,,,,,,,,,,,,og_pizza_toppings,,,,,Fresh Sliced Jalapeños,2.00,,topping,,,,,,,,,,,,,,,
OPTION,cobalt_orange_beach_al,Cobalt the Restaurant,Orange Beach,AL,US,,,,,,,,,,,,,,,,,,,,,,,,,,,og_pizza_toppings,,,,,Roasted Mushrooms,2.00,,topping,,,,,,,,,,,,,,,
OPTION,cobalt_orange_beach_al,Cobalt the Restaurant,Orange Beach,AL,US,,,,,,,,,,,,,,,,,,,,,,,,,,,og_pizza_toppings,,,,,Banana Peppers,2.00,,topping,,,,,,,,,,,,,,,
OPTION_GROUP,cobalt_orange_beach_al,Cobalt the Restaurant,Orange Beach,AL,US,,,,,,,,,,,,,,,,,,,,,,,,,,,og_salad_dressings,Salad Dressings,FALSE,0.0,1.0,,,,,,,,,,,,,,,,,,,
OPTION,cobalt_orange_beach_al,Cobalt the Restaurant,Orange Beach,AL,US,,,,,,,,,,,,,,,,,,,,,,,,,,,og_salad_dressings,,,,,Champagne Citrus Vinaigrette,,,dressing,,,,,,,,,,,,,,,
OPTION,cobalt_orange_beach_al,Cobalt the Restaurant,Orange Beach,AL,US,,,,,,,,,,,,,,,,,,,,,,,,,,,og_salad_dressings,,,,,Honey Mustard,,,dressing,,,,,,,,,,,,,,,
OPTION,cobalt_orange_beach_al,Cobalt the Restaurant,Orange Beach,AL,US,,,,,,,,,,,,,,,,,,,,,,,,,,,og_salad_dressings,,,,,Bleu Cheese,,,dressing,,,,,,,,,,,,,,,
OPTION,cobalt_orange_beach_al,Cobalt the Restaurant,Orange Beach,AL,US,,,,,,,,,,,,,,,,,,,,,,,,,,,og_salad_dressings,,,,,Honey Balsamic Vinaigrette,,,dressing,,,,,,,,,,,,,,,
OPTION,cobalt_orange_beach_al,Cobalt the Restaurant,Orange Beach,AL,US,,,,,,,,,,,,,,,,,,,,,,,,,,,og_salad_dressings,,,,,Thousand Island,,,dressing,,,,,,,,,,,,,,,
OPTION,cobalt_orange_beach_al,Cobalt the Restaurant,Orange Beach,AL,US,,,,,,,,,,,,,,,,,,,,,,,,,,,og_salad_dressings,,,,,Ranch,,,dressing,,,,,,,,,,,,,,,
OPTION_GROUP,cobalt_orange_beach_al,Cobalt the Restaurant,Orange Beach,AL,US,,,,,,,,,,,,,,,,,,,,,,,,,,,og_salad_enhancements,Salad Enhancements,FALSE,0.0,99.0,,,,,,,,,,,,,,,,,,,
OPTION,cobalt_orange_beach_al,Cobalt the Restaurant,Orange Beach,AL,US,,,,,,,,,,,,,,,,,,,,,,,,,,,og_salad_enhancements,,,,,Chicken (Grilled),6.00,,enhancement,,,,,,,,,,,,,,,
OPTION,cobalt_orange_beach_al,Cobalt the Restaurant,Orange Beach,AL,US,,,,,,,,,,,,,,,,,,,,,,,,,,,og_salad_enhancements,,,,,Chicken (Blackened),6.00,,enhancement,,,,,,,,,,,,,,,
OPTION,cobalt_orange_beach_al,Cobalt the Restaurant,Orange Beach,AL,US,,,,,,,,,,,,,,,,,,,,,,,,,,,og_salad_enhancements,,,,,Chicken (Fried),6.00,,enhancement,,,,,,,,,,,,,,,
OPTION,cobalt_orange_beach_al,Cobalt the Restaurant,Orange Beach,AL,US,,,,,,,,,,,,,,,,,,,,,,,,,,,og_salad_enhancements,,,,,Two Fried Crab and Scallop Cakes,6.00,,enhancement,,,,,,,,,,,,,,,
OPTION,cobalt_orange_beach_al,Cobalt the Restaurant,Orange Beach,AL,US,,,,,,,,,,,,,,,,,,,,,,,,,,,og_salad_enhancements,,,,,Sautéed Blue Crab,7.00,,enhancement,,,,,,,,,,,,,,,
OPTION,cobalt_orange_beach_al,Cobalt the Restaurant,Orange Beach,AL,US,,,,,,,,,,,,,,,,,,,,,,,,,,,og_salad_enhancements,,,,,Shrimp (Grilled),8.00,,enhancement,,,,,,,,,,,,,,,
OPTION,cobalt_orange_beach_al,Cobalt the Restaurant,Orange Beach,AL,US,,,,,,,,,,,,,,,,,,,,,,,,,,,og_salad_enhancements,,,,,Shrimp (Blackened),8.00,,enhancement,,,,,,,,,,,,,,,
OPTION,cobalt_orange_beach_al,Cobalt the Restaurant,Orange Beach,AL,US,,,,,,,,,,,,,,,,,,,,,,,,,,,og_salad_enhancements,,,,,Shrimp (Fried),8.00,,enhancement,,,,,,,,,,,,,,,
OPTION,cobalt_orange_beach_al,Cobalt the Restaurant,Orange Beach,AL,US,,,,,,,,,,,,,,,,,,,,,,,,,,,og_salad_enhancements,,,,,Fish (Grilled),market,,enhancement,,,,,,,,,,,,,,,
OPTION,cobalt_orange_beach_al,Cobalt the Restaurant,Orange Beach,AL,US,,,,,,,,,,,,,,,,,,,,,,,,,,,og_salad_enhancements,,,,,Fish (Blackened),market,,enhancement,,,,,,,,,,,,,,,
OPTION,cobalt_orange_beach_al,Cobalt the Restaurant,Orange Beach,AL,US,,,,,,,,,,,,,,,,,,,,,,,,,,,og_salad_enhancements,,,,,Fish (Fried),market,,enhancement,,,,,,,,,,,,,,,
OPTION,cobalt_orange_beach_al,Cobalt the Restaurant,Orange Beach,AL,US,,,,,,,,,,,,,,,,,,,,,,,,,,,og_salad_enhancements,,,,,Blackened Yellowfin Tuna,13.00,,enhancement,,,,,,,,,,,,,,,
OPTION_GROUP,cobalt_orange_beach_al,Cobalt the Restaurant,Orange Beach,AL,US,,,,,,,,,,,,,,,,,,,,,,,,,,,og_house_sauces,House Made Sauces ($2),FALSE,0.0,99.0,,,,,,,,,,,,,,,,,,,
OPTION,cobalt_orange_beach_al,Cobalt the Restaurant,Orange Beach,AL,US,,,,,,,,,,,,,,,,,,,,,,,,,,,og_house_sauces,,,,,Louisiana Hot Sauce Hollandaise,2.00,,sauce,,,,,,,,,,,,,,,
OPTION,cobalt_orange_beach_al,Cobalt the Restaurant,Orange Beach,AL,US,,,,,,,,,,,,,,,,,,,,,,,,,,,og_house_sauces,,,,,Cajun Cream,2.00,,sauce,,,,,,,,,,,,,,,
OPTION,cobalt_orange_beach_al,Cobalt the Restaurant,Orange Beach,AL,US,,,,,,,,,,,,,,,,,,,,,,,,,,,og_house_sauces,,,,,Cobalt Steak Butter,2.00,,sauce,,,,,,,,,,,,,,,
OPTION,cobalt_orange_beach_al,Cobalt the Restaurant,Orange Beach,AL,US,,,,,,,,,,,,,,,,,,,,,,,,,,,og_house_sauces,,,,,Charred Green Tomato Remoulade,2.00,,sauce,,,,,,,,,,,,,,,
OPTION,cobalt_orange_beach_al,Cobalt the Restaurant,Orange Beach,AL,US,,,,,,,,,,,,,,,,,,,,,,,,,,,og_house_sauces,,,,,Port Demi-Glace,2.00,,sauce,,,,,,,,,,,,,,,
OPTION_GROUP,cobalt_orange_beach_al,Cobalt the Restaurant,Orange Beach,AL,US,,,,,,,,,,,,,,,,,,,,,,,,,,,og_dessert_liquor_drizzle,Dessert Liquor Drizzle,FALSE,0.0,1.0,,,,,,,Applies to Triple Layer Chocolate Cake.,,,,,,,,,,,,
OPTION,cobalt_orange_beach_al,Cobalt the Restaurant,Orange Beach,AL,US,,,,,,,,,,,,,,,,,,,,,,,,,,,og_dessert_liquor_drizzle,,,,,Chambord,4.00,,add_on,,,,,,,,,,,,,,,
OPTION,cobalt_orange_beach_al,Cobalt the Restaurant,Orange Beach,AL,US,,,,,,,,,,,,,,,,,,,,,,,,,,,og_dessert_liquor_drizzle,,,,,Kaluha,4.00,,add_on,,,,,,,,,,,,,,,
OPTION,cobalt_orange_beach_al,Cobalt the Restaurant,Orange Beach,AL,US,,,,,,,,,,,,,,,,,,,,,,,,,,,og_dessert_liquor_drizzle,,,,,Bailey's,4.00,,add_on,,,,,,,,,,,,,,,
OPTION,cobalt_orange_beach_al,Cobalt the Restaurant,Orange Beach,AL,US,,,,,,,,,,,,,,,,,,,,,,,,,,,og_dessert_liquor_drizzle,,,,,Frangelico,4.00,,add_on,,,,,,,,,,,,,,,
OPTION_GROUP,cobalt_orange_beach_al,Cobalt the Restaurant,Orange Beach,AL,US,,,,,,,,,,,,,,,,,,,,,,,,,,,og_po_boy_type,Po' Boy Protein,TRUE,1.0,1.0,,,,,,,,,,,,,,,,,,,
OPTION,cobalt_orange_beach_al,Cobalt the Restaurant,Orange Beach,AL,US,,,,,,,,,,,,,,,,,,,,,,,,,,,og_po_boy_type,,,,,Shrimp,,,,,,,,,,,,,,,,,,
OPTION,cobalt_orange_beach_al,Cobalt the Restaurant,Orange Beach,AL,US,,,,,,,,,,,,,,,,,,,,,,,,,,,og_po_boy_type,,,,,Fish,,,,,,,,,,,,,,,,,,
OPTION,cobalt_orange_beach_al,Cobalt the Restaurant,Orange Beach,AL,US,,,,,,,,,,,,,,,,,,,,,,,,,,,og_po_boy_type,,,,,Oysters,,,,,,,,,,,,,,,,,,
OPTION_GROUP,cobalt_orange_beach_al,Cobalt the Restaurant,Orange Beach,AL,US,,,,,,,,,,,,,,,,,,,,,,,,,,,og_fish_sandwich_style,Fish Sandwich Cooking Style,TRUE,1.0,1.0,,,,,,,,,,,,,,,,,,,
OPTION,cobalt_orange_beach_al,Cobalt the Restaurant,Orange Beach,AL,US,,,,,,,,,,,,,,,,,,,,,,,,,,,og_fish_sandwich_style,,,,,Grilled,,,,,,,,,,,,,,,,,,
OPTION,cobalt_orange_beach_al,Cobalt the Restaurant,Orange Beach,AL,US,,,,,,,,,,,,,,,,,,,,,,,,,,,og_fish_sandwich_style,,,,,Blackened,,,,,,,,,,,,,,,,,,
OPTION,cobalt_orange_beach_al,Cobalt the Restaurant,Orange Beach,AL,US,,,,,,,,,,,,,,,,,,,,,,,,,,,og_fish_sandwich_style,,,,,Fried,,,,,,,,,,,,,,,,,,
OPTION_GROUP,cobalt_orange_beach_al,Cobalt the Restaurant,Orange Beach,AL,US,,,,,,,,,,,,,,,,,,,,,,,,,,,og_brunch_side_choice,Brunch Side Choice,TRUE,1.0,1.0,,,,,,,Choice of grits or Potatoes O'Brien.,,,,,,,,,,,,
OPTION,cobalt_orange_beach_al,Cobalt the Restaurant,Orange Beach,AL,US,,,,,,,,,,,,,,,,,,,,,,,,,,,og_brunch_side_choice,,,,,Buttermilk Pepper Jack Cheese Grits,,,,,,,,,,,,,,,,,,
OPTION,cobalt_orange_beach_al,Cobalt the Restaurant,Orange Beach,AL,US,,,,,,,,,,,,,,,,,,,,,,,,,,,og_brunch_side_choice,,,,,Potatoes O'Brien,,,,,,,,,,,,,,,,,,
OPTION_GROUP,cobalt_orange_beach_al,Cobalt the Restaurant,Orange Beach,AL,US,,,,,,,,,,,,,,,,,,,,,,,,,,,og_daiquiri_flavor,Daiquiri Flavor,TRUE,1.0,1.0,,,,,,,,,,,,,,,,,,,
OPTION,cobalt_orange_beach_al,Cobalt the Restaurant,Orange Beach,AL,US,,,,,,,,,,,,,,,,,,,,,,,,,,,og_daiquiri_flavor,,,,,Strawberry,,,,,,,,,,,,,,,,,,
OPTION,cobalt_orange_beach_al,Cobalt the Restaurant,Orange Beach,AL,US,,,,,,,,,,,,,,,,,,,,,,,,,,,og_daiquiri_flavor,,,,,Banana,,,,,,,,,,,,,,,,,,
OPTION,cobalt_orange_beach_al,Cobalt the Restaurant,Orange Beach,AL,US,,,,,,,,,,,,,,,,,,,,,,,,,,,og_daiquiri_flavor,,,,,Piña Colada,,,,,,,,,,,,,,,,,,
OPTION,cobalt_orange_beach_al,Cobalt the Restaurant,Orange Beach,AL,US,,,,,,,,,,,,,,,,,,,,,,,,,,,og_daiquiri_flavor,,,,,Strawberry Colada,,,,,,,,,,,,,,,,,,
OPTION_GROUP,cobalt_orange_beach_al,Cobalt the Restaurant,Orange Beach,AL,US,,,,,,,,,,,,,,,,,,,,,,,,,,,og_kids_virgin_daiquiri_flavor,Kids Virgin Frozen Daiquiri Flavor,TRUE,1.0,1.0,,,,,,,,,,,,,,,,,,,
OPTION,cobalt_orange_beach_al,Cobalt the Restaurant,Orange Beach,AL,US,,,,,,,,,,,,,,,,,,,,,,,,,,,og_kids_virgin_daiquiri_flavor,,,,,Piña Colada,,,,,,,,,,,,,,,,,,
OPTION,cobalt_orange_beach_al,Cobalt the Restaurant,Orange Beach,AL,US,,,,,,,,,,,,,,,,,,,,,,,,,,,og_kids_virgin_daiquiri_flavor,,,,,Strawberry,,,,,,,,,,,,,,,,,,
OPTION,cobalt_orange_beach_al,Cobalt the Restaurant,Orange Beach,AL,US,,,,,,,,,,,,,,,,,,,,,,,,,,,og_kids_virgin_daiquiri_flavor,,,,,Banana,,,,,,,,,,,,,,,,,,
OPTION_GROUP,cobalt_orange_beach_al,Cobalt the Restaurant,Orange Beach,AL,US,,,,,,,,,,,,,,,,,,,,,,,,,,,og_kids_milk_flavor,Kids Fairlife Milk Flavor,TRUE,1.0,1.0,,,,,,,,,,,,,,,,,,,
OPTION,cobalt_orange_beach_al,Cobalt the Restaurant,Orange Beach,AL,US,,,,,,,,,,,,,,,,,,,,,,,,,,,og_kids_milk_flavor,,,,,Classic,,,,,,,,,,,,,,,,,,
OPTION,cobalt_orange_beach_al,Cobalt the Restaurant,Orange Beach,AL,US,,,,,,,,,,,,,,,,,,,,,,,,,,,og_kids_milk_flavor,,,,,Chocolate,,,,,,,,,,,,,,,,,,
OPTION,cobalt_orange_beach_al,Cobalt the Restaurant,Orange Beach,AL,US,,,,,,,,,,,,,,,,,,,,,,,,,,,og_kids_milk_flavor,,,,,Strawberry,,,,,,,,,,,,,,,,,,
OPTION_GROUP,cobalt_orange_beach_al,Cobalt the Restaurant,Orange Beach,AL,US,,,,,,,,,,,,,,,,,,,,,,,,,,,og_kids_juice_flavor,Kids Juice Flavor,TRUE,1.0,1.0,,,,,,,,,,,,,,,,,,,
OPTION,cobalt_orange_beach_al,Cobalt the Restaurant,Orange Beach,AL,US,,,,,,,,,,,,,,,,,,,,,,,,,,,og_kids_juice_flavor,,,,,Orange,,,,,,,,,,,,,,,,,,
OPTION,cobalt_orange_beach_al,Cobalt the Restaurant,Orange Beach,AL,US,,,,,,,,,,,,,,,,,,,,,,,,,,,og_kids_juice_flavor,,,,,Apple,,,,,,,,,,,,,,,,,,
OPTION_GROUP,cobalt_orange_beach_al,Cobalt the Restaurant,Orange Beach,AL,US,,,,,,,,,,,,,,,,,,,,,,,,,,,og_ob_margarita_upgrade,Orange Beach Margarita Upgrade,FALSE,0.0,1.0,,,,,,,,,,,,,,,,,,,
OPTION,cobalt_orange_beach_al,Cobalt the Restaurant,Orange Beach,AL,US,,,,,,,,,,,,,,,,,,,,,,,,,,,og_ob_margarita_upgrade,,,,,Upgrade to Don Julio Blanco Tequila,6.00,,upgrade,,,,,,,,,,,,,,,
OPTION_GROUP,cobalt_orange_beach_al,Cobalt the Restaurant,Orange Beach,AL,US,,,,,,,,,,,,,,,,,,,,,,,,,,,og_lost_paloma_spice,Lost Paloma Add-on,FALSE,0.0,1.0,,,,,,,,,,,,,,,,,,,
OPTION,cobalt_orange_beach_al,Cobalt the Restaurant,Orange Beach,AL,US,,,,,,,,,,,,,,,,,,,,,,,,,,,og_lost_paloma_spice,,,,,Add chili pepper infused lime juice,1.00,,add_on,,,,,,,,,,,,,,,
OPTION_GROUP,cobalt_orange_beach_al,Cobalt the Restaurant,Orange Beach,AL,US,,,,,,,,,,,,,,,,,,,,,,,,,,,og_floater_addon,Floater Add-on,FALSE,0.0,1.0,,,,,,,For Pain Killer / Bushwacker.,,,,,,,,,,,,
OPTION,cobalt_orange_beach_al,Cobalt the Restaurant,Orange Beach,AL,US,,,,,,,,,,,,,,,,,,,,,,,,,,,og_floater_addon,,,,,151 Rum Floater,3.00,,add_on,,,,,,,,,,,,,,,
OPTION,cobalt_orange_beach_al,Cobalt the Restaurant,Orange Beach,AL,US,,,,,,,,,,,,,,,,,,,,,,,,,,,og_floater_addon,,,,,Skrewball Peanut Butter Whiskey Floater,3.00,,add_on,,,,,,,,,,,,,,,
MENU_SECTION,cobalt_orange_beach_al,Cobalt the Restaurant,Orange Beach,AL,US,,,,,,,,,,,,,,menu_lunch,Lunch,sec_menu_lunch_appetizers,Appetizers,,,,,,,,,,,,,,,,,,,,,,,,,,,,,,,,,
MENU_ITEM,cobalt_orange_beach_al,Cobalt the Restaurant,Orange Beach,AL,US,,,,,,,,,,,,FALSE,,menu_lunch,Lunch,sec_menu_lunch_appetizers,,,item_menu_lunch_crab_claws,Crab Claws,Lightly fried and served with cocktail sauce.,market,market,,,,,,,,,,,,,,,,,,,,,,,,,,market,
MENU_ITEM,cobalt_orange_beach_al,Cobalt the Restaurant,Orange Beach,AL,US,,,,,,,,,,,,FALSE,,menu_lunch,Lunch,sec_menu_lunch_appetizers,,,item_menu_lunch_tuna_and_avocado_stack,Tuna and Avocado Stack,"Sashimi grade tuna and avocado tossed in sweet Asian sauce, served between crisp wontons.",14.00,fixed,,,,,,,,,,,,,,,,,,,,,,,,,,14.00,
MENU_ITEM,cobalt_orange_beach_al,Cobalt the Restaurant,Orange Beach,AL,US,,,,,,appetizer,,,,,,FALSE,,menu_lunch,Lunch,sec_menu_lunch_appetizers,,,item_menu_lunch_bbq_gulf_shrimp,BBQ Gulf Shrimp,Sautéed in a Creole butter sauce and served with grilled French bread.,15.00,fixed,,og_bbq_shrimp_double,appetizer,,,,,,,,,,,,,,,,,,,,,,,15.00,
MENU_ITEM,cobalt_orange_beach_al,Cobalt the Restaurant,Orange Beach,AL,US,,,,,,,,,,,,FALSE,,menu_lunch,Lunch,sec_menu_lunch_appetizers,,,item_menu_lunch_firecracker_shrimp,Firecracker Shrimp,Lightly dusted bay shrimp fried and tossed in spicy remoulade sauce.,13.00,fixed,,,,,,,,,,,,,,,,,,,,,,,,,,13.00,
MENU_ITEM,cobalt_orange_beach_al,Cobalt the Restaurant,Orange Beach,AL,US,,,,,,,,,,,,FALSE,,menu_lunch,Lunch,sec_menu_lunch_appetizers,,,item_menu_lunch_cobalt_crab_and_shrimp_dip,Cobalt Crab and Shrimp Dip,"Hot creamy blend of fresh blue crab and tender bay shrimp with roasted sweet red peppers, Parmesan and Swiss cheese. Accompanied by grilled French bread.",15.00,fixed,,,,,,,,,,,,,,,,,,,,,,,,,,15.00,
MENU_ITEM,cobalt_orange_beach_al,Cobalt the Restaurant,Orange Beach,AL,US,,,,,,,,,,,,FALSE,,menu_lunch,Lunch,sec_menu_lunch_appetizers,,,item_menu_lunch_cobalt_caviar,Cobalt Caviar,"Black beans, edamame, corn, red onion, Roma tomatoes and cilantro tossed in a light vinaigrette; served with corn tortilla chips.",9.00,fixed,,,,,,,,,,,,,,,,,,,,,,,,,,9.00,
MENU_ITEM,cobalt_orange_beach_al,Cobalt the Restaurant,Orange Beach,AL,US,,,,,,,,,,,,FALSE,,menu_lunch,Lunch,sec_menu_lunch_appetizers,,,item_menu_lunch_crab_and_scallop_cakes,Crab and Scallop Cakes,Three fried crab and scallop cakes. Served over cole slaw and topped with charred green tomato remoulade.,13.00,fixed,,,,,,,,,,,,,,,,,,,,,,,,,,13.00,
MENU_ITEM,cobalt_orange_beach_al,Cobalt the Restaurant,Orange Beach,AL,US,,,,,,,,,,,,FALSE,,menu_lunch,Lunch,sec_menu_lunch_appetizers,,,item_menu_lunch_cobalt_cheese_dip,Cobalt Cheese Dip,Parmesan and Swiss blend; topped with crumbled Cotija cheese and poblano green tomato relish; served with crisp corn chips.,10.00,fixed,,,,,,,,,,,,,,,,,,,,,,,,,,10.00,
MENU_SECTION,cobalt_orange_beach_al,Cobalt the Restaurant,Orange Beach,AL,US,,,,,,,,,,,,,,menu_lunch,Lunch,sec_menu_lunch_oysters,Oysters,,,,,,,,,,,,,,,,,,,,,,,,,,,,,,,,,
MENU_ITEM,cobalt_orange_beach_al,Cobalt the Restaurant,Orange Beach,AL,US,,,,,,oysters,,,,,,FALSE,,menu_lunch,Lunch,sec_menu_lunch_oysters,,,item_menu_lunch_raw_oysters,Raw Oysters,Gulf raw oysters served with cocktail sauce and horseradish.,market,market,,og_oyster_qty,oysters,,,,,,,,,,,,,,,,,,,,,,,market,
MENU_ITEM,cobalt_orange_beach_al,Cobalt the Restaurant,Orange Beach,AL,US,,,,,,oysters,,,,,,FALSE,,menu_lunch,Lunch,sec_menu_lunch_oysters,,,item_menu_lunch_creole_casino,Creole Casino,"Topped with tasso, jalapeño, red bell pepper, shallots, cream cheese and smoked Gouda. Accompanied by grilled French bread.",market,market,,og_oyster_qty,oysters,,,,,,,,,,,,,,,,,,,,,,,market,
MENU_ITEM,cobalt_orange_beach_al,Cobalt the Restaurant,Orange Beach,AL,US,,,,,,oysters,,,,,,FALSE,,menu_lunch,Lunch,sec_menu_lunch_oysters,,,item_menu_lunch_garlic_parmesan_chargrilled,Garlic Parmesan Chargrilled,Topped with garlic butter and savory Parmesan cheese. Accompanied by grilled French bread.,market,market,,og_oyster_qty,oysters,,,,,,,,,,,,,,,,,,,,,,,market,
MENU_ITEM,cobalt_orange_beach_al,Cobalt the Restaurant,Orange Beach,AL,US,,,,,,oysters,,,,,,FALSE,,menu_lunch,Lunch,sec_menu_lunch_oysters,,,item_menu_lunch_rockefeller,Rockefeller,"Spinach, garlic, shallots, parsley, anchovies and green onion with a hint of anisette. Accompanied by grilled French bread.",market,market,,og_oyster_qty,oysters,,,,,,,,,,,,,,,,,,,,,,,market,
MENU_ITEM,cobalt_orange_beach_al,Cobalt the Restaurant,Orange Beach,AL,US,,,,,,oysters,,,,,,FALSE,,menu_lunch,Lunch,sec_menu_lunch_oysters,,,item_menu_lunch_combination,Combination,"Selection of Garlic Parmesan, Creole Casino and Rockefeller. Accompanied by grilled French bread.",market,market,,og_oyster_qty,oysters,,,,,,,,,,,,,,,,,,,,,,,market,
MENU_SECTION,cobalt_orange_beach_al,Cobalt the Restaurant,Orange Beach,AL,US,,,,,,,,,,,,,,menu_lunch,Lunch,sec_menu_lunch_soups,Soups,,,,,,,,,,,,,,,,,,,,,,,,,,,,,,,,,
MENU_ITEM,cobalt_orange_beach_al,Cobalt the Restaurant,Orange Beach,AL,US,,,,,,soup,,,,,,FALSE,,menu_lunch,Lunch,sec_menu_lunch_soups,,,item_menu_lunch_cobalt_crab_bisque_cup,Cobalt Crab Bisque (Cup),"Creamy blend of sweet blue crab, sweet corn and roasted tomato.",6.00,fixed,Cup,,soup,,,,,,,,,,,,,,,,,,,,,,,6.00,
MENU_ITEM,cobalt_orange_beach_al,Cobalt the Restaurant,Orange Beach,AL,US,,,,,,soup,,,,,,FALSE,,menu_lunch,Lunch,sec_menu_lunch_soups,,,item_menu_lunch_cobalt_crab_bisque_bowl,Cobalt Crab Bisque (Bowl),"Creamy blend of sweet blue crab, sweet corn and roasted tomato.",10.00,fixed,Bowl,,soup,,,,,,,,,,,,,,,,,,,,,,,10.00,
MENU_ITEM,cobalt_orange_beach_al,Cobalt the Restaurant,Orange Beach,AL,US,,,,,,soup,,,,,,FALSE,,menu_lunch,Lunch,sec_menu_lunch_soups,,,item_menu_lunch_soup_of_the_day_cup,Soup Of The Day (Cup),Varies daily.,5.00,fixed,Cup,,soup,,,,,,,,,,,,,,,,,,,,,,,5.00,
MENU_ITEM,cobalt_orange_beach_al,Cobalt the Restaurant,Orange Beach,AL,US,,,,,,soup,,,,,,FALSE,,menu_lunch,Lunch,sec_menu_lunch_soups,,,item_menu_lunch_soup_of_the_day_bowl,Soup Of The Day (Bowl),Varies daily.,8.00,fixed,Bowl,,soup,,,,,,,,,,,,,,,,,,,,,,,8.00,
MENU_SECTION,cobalt_orange_beach_al,Cobalt the Restaurant,Orange Beach,AL,US,,,,,,,,,,,,,,menu_lunch,Lunch,sec_menu_lunch_salads,Salads,,,,,,,,,,,,,,,,,,,,,,,,,,,,,,,,,
MENU_ITEM,cobalt_orange_beach_al,Cobalt the Restaurant,Orange Beach,AL,US,,,,,,salad,,,,,,FALSE,,menu_lunch,Lunch,sec_menu_lunch_salads,,,item_menu_lunch_house_small,House (Small),"Romaine and spring greens with tomato, red onions, cucumbers and peppadews.",4.00,fixed,Small,og_salad_dressings|og_salad_enhancements,salad,,,,,,,,,,,,,,,,,,,,,,,4.00,
MENU_ITEM,cobalt_orange_beach_al,Cobalt the Restaurant,Orange Beach,AL,US,,,,,,salad,,,,,,FALSE,,menu_lunch,Lunch,sec_menu_lunch_salads,,,item_menu_lunch_house_large,House (Large),"Romaine and spring greens with tomato, red onions, cucumbers and peppadews.",10.00,fixed,Large,og_salad_dressings|og_salad_enhancements,salad,,,,,,,,,,,,,,,,,,,,,,,10.00,
MENU_ITEM,cobalt_orange_beach_al,Cobalt the Restaurant,Orange Beach,AL,US,,,,,,salad,,,,,,FALSE,,menu_lunch,Lunch,sec_menu_lunch_salads,,,item_menu_lunch_caesar_small,Caesar (Small),"Romaine, housemade traditional dressing, croutons and shaved Parmesan.",5.00,fixed,Small,og_salad_dressings|og_salad_enhancements,salad,,,,,,,,,,,,,,,,,,,,,,,5.00,
MENU_ITEM,cobalt_orange_beach_al,Cobalt the Restaurant,Orange Beach,AL,US,,,,,,salad,,,,,,FALSE,,menu_lunch,Lunch,sec_menu_lunch_salads,,,item_menu_lunch_caesar_large,Caesar (Large),"Romaine, housemade traditional dressing, croutons and shaved Parmesan.",10.00,fixed,Large,og_salad_dressings|og_salad_enhancements,salad,,,,,,,,,,,,,,,,,,,,,,,10.00,
MENU_ITEM,cobalt_orange_beach_al,Cobalt the Restaurant,Orange Beach,AL,US,,,,,,salad,,,,,,FALSE,,menu_lunch,Lunch,sec_menu_lunch_salads,,,item_menu_lunch_cobalt_wedge,Cobalt Wedge,"Baby iceberg with tomato, cucumber, diced red onion, applewood smoked bacon, bleu cheese crumbles and creamy bleu cheese dressing.",12.00,fixed,,og_wedge_brian_style|og_salad_dressings|og_salad_enhancements,salad,,,,,,,,,,,,,,,,,,,,,,,12.00,
MENU_ITEM,cobalt_orange_beach_al,Cobalt the Restaurant,Orange Beach,AL,US,,,,,,salad,,,,,,FALSE,,menu_lunch,Lunch,sec_menu_lunch_salads,,,item_menu_lunch_blackened_tuna,Blackened Tuna,"Mixed greens lightly tossed in Champagne citrus vinaigrette with candied Baldwin County pecans, goat cheese, orange segments and house pickled vegetables.",20.00,fixed,,og_salad_dressings|og_salad_enhancements,salad,,,,,,,,,,,,,,,,,,,,,,,20.00,
MENU_SECTION,cobalt_orange_beach_al,Cobalt the Restaurant,Orange Beach,AL,US,,,,,,,,,,,,,,menu_lunch,Lunch,sec_menu_lunch_entr_es,Entrées,,,,,,,,,,,,,,,,,,,,,,,,,,,,,,,,,
MENU_ITEM,cobalt_orange_beach_al,Cobalt the Restaurant,Orange Beach,AL,US,,,,,,entree,,,,,,FALSE,,menu_lunch,Lunch,sec_menu_lunch_entr_es,,,item_menu_lunch_fresh_catch,Fresh Catch,"Served grilled, blackened or fried with jambalaya rice and brown butter green beans. Make it Oscar for $9 additional.",market,market,,og_cooking_style|og_oscar_addon|og_house_sauces,entree,,,,,,,,,,,,,,,,,,,,,,,market,
MENU_ITEM,cobalt_orange_beach_al,Cobalt the Restaurant,Orange Beach,AL,US,,,,,,entree,,,,,,FALSE,,menu_lunch,Lunch,sec_menu_lunch_entr_es,,,item_menu_lunch_pecan_fried_catfish,Pecan Fried Catfish,"Alabama farm-raised filet over tasso ham, sweet corn and black-eyed pea succotash drizzled with dill tartar.",14.50,fixed,,,entree,,,,,,,,,,,,,,,,,,,,,,,14.50,
MENU_ITEM,cobalt_orange_beach_al,Cobalt the Restaurant,Orange Beach,AL,US,,,,,,entree,,,,,,FALSE,,menu_lunch,Lunch,sec_menu_lunch_entr_es,,,item_menu_lunch_gulf_shrimp_and_grits,Gulf Shrimp and Grits,"Half dozen large Gulf shrimp skewered, chargrilled, topped with Cajun cream sauce; served over buttermilk pepper jack cheese grits.",14.00,fixed,,,entree,,,,,,,,,,,,,,,,,,,,,,,14.00,
MENU_ITEM,cobalt_orange_beach_al,Cobalt the Restaurant,Orange Beach,AL,US,,,,,,entree,,,,,,FALSE,,menu_lunch,Lunch,sec_menu_lunch_entr_es,,,item_menu_lunch_fried_platter_shrimp,Fried Platter - Shrimp,"Lightly dusted and fried Gulf seafood. Served with fries, cole slaw and choice of cocktail or tartar sauce.",16.00,fixed,,og_fried_platter_sauce,entree,,,,,,,,,,,,,,,,,,,,,,,16.00,
MENU_ITEM,cobalt_orange_beach_al,Cobalt the Restaurant,Orange Beach,AL,US,,,,,,entree,,,,,,FALSE,,menu_lunch,Lunch,sec_menu_lunch_entr_es,,,item_menu_lunch_fried_platter_fish,Fried Platter - Fish,"Lightly dusted and fried Gulf seafood. Served with fries, cole slaw and choice of cocktail or tartar sauce.",16.00,fixed,,og_fried_platter_sauce,entree,,,,,,,,,,,,,,,,,,,,,,,16.00,
MENU_ITEM,cobalt_orange_beach_al,Cobalt the Restaurant,Orange Beach,AL,US,,,,,,entree,,,,,,FALSE,,menu_lunch,Lunch,sec_menu_lunch_entr_es,,,item_menu_lunch_fried_platter_oysters,Fried Platter - Oysters,"Lightly dusted and fried Gulf seafood. Served with fries, cole slaw and choice of cocktail or tartar sauce.",17.00,fixed,,og_fried_platter_sauce,entree,,,,,,,,,,,,,,,,,,,,,,,17.00,
MENU_SECTION,cobalt_orange_beach_al,Cobalt the Restaurant,Orange Beach,AL,US,,,,,,,,,,,,,,menu_lunch,Lunch,sec_menu_lunch_stone_hearth_pizza,Stone Hearth Pizza,,,,,,,,,,,,,,,,,,,,,,,,,,,,,,,,,
MENU_ITEM,cobalt_orange_beach_al,Cobalt the Restaurant,Orange Beach,AL,US,,,,,,pizza,,,,,,FALSE,,menu_lunch,Lunch,sec_menu_lunch_stone_hearth_pizza,,,item_menu_lunch_margherita_10,"Margherita (10"")","House crust with olive oil, sea salt, cracked black pepper; roasted Roma tomatoes, fresh mozzarella, basil chiffonade.",14.00,fixed,"10""",,pizza,,,,,,,,,,,,,,,,,,,,,,,14.00,
MENU_ITEM,cobalt_orange_beach_al,Cobalt the Restaurant,Orange Beach,AL,US,,,,,,pizza,,,,,,FALSE,,menu_lunch,Lunch,sec_menu_lunch_stone_hearth_pizza,,,item_menu_lunch_cobalt_pizza_10,"Cobalt Pizza (10"")","Grilled chicken, smoked bacon, spinach and arugula, roasted mushrooms, sautéed onions; marinara, mozzarella, smoked Gouda.",17.00,fixed,"10""",,pizza,,,,,,,,,,,,,,,,,,,,,,,17.00,
MENU_ITEM,cobalt_orange_beach_al,Cobalt the Restaurant,Orange Beach,AL,US,,,,,,pizza,,,,,,FALSE,,menu_lunch,Lunch,sec_menu_lunch_stone_hearth_pizza,,,item_menu_lunch_build_your_own_pizza_10_cheese_only,"Build Your Own Pizza (10"") - Cheese Only","Sauce: Marinara, Alfredo or Roasted Garlic Oil. Additional toppings $2 each.",11.00,fixed,"10""",og_pizza_sauce|og_pizza_toppings,pizza,,,,,,,,,,,,,,,,,,,,,,,11.00,
MENU_SECTION,cobalt_orange_beach_al,Cobalt the Restaurant,Orange Beach,AL,US,,,,,,,,,,,,,,menu_lunch,Lunch,sec_menu_lunch_pasta,Pasta,,,,,,,,,,,,,,,,,,,,,,,,,,,,,,,,,
MENU_ITEM,cobalt_orange_beach_al,Cobalt the Restaurant,Orange Beach,AL,US,,,,,,pasta,,,,,,FALSE,,menu_lunch,Lunch,sec_menu_lunch_pasta,,,item_menu_lunch_chicken_parmesan,Chicken Parmesan,Italian herb-crusted chicken over angel hair pasta tossed in house-made marinara.,14.00,fixed,,,pasta,,,,,,,,,,,,,,,,,,,,,,,14.00,
MENU_ITEM,cobalt_orange_beach_al,Cobalt the Restaurant,Orange Beach,AL,US,,,,,,pasta,,,,,,FALSE,,menu_lunch,Lunch,sec_menu_lunch_pasta,,,item_menu_lunch_zydeco_chicken,Zydeco Chicken,"Blackened chicken with spicy housemade tasso ham, sweet onions, bell peppers and pappardelle pasta tossed in Cajun alfredo.",18.00,fixed,,,pasta,,,,,,,,,,,,,,,,,,,,,,,18.00,
MENU_ITEM,cobalt_orange_beach_al,Cobalt the Restaurant,Orange Beach,AL,US,,,,,,pasta,,,,,,FALSE,,menu_lunch,Lunch,sec_menu_lunch_pasta,,,item_menu_lunch_shrimp_fra_diavolo,Shrimp Fra Diavolo,"Gulf shrimp sautéed with roasted mushrooms, onions, chargrilled lemon, spinach and arugula with spicy marinara and angel hair pasta.",18.00,fixed,,,pasta,,,,,,,,,,,,,,,,,,,,,,,18.00,
MENU_SECTION,cobalt_orange_beach_al,Cobalt the Restaurant,Orange Beach,AL,US,,,,,,,,,,,,,,menu_lunch,Lunch,sec_menu_lunch_sandwiches,Sandwiches,,,,,,,,,,,,,,,,,,,,,,,,,,,,,,,,,
MENU_ITEM,cobalt_orange_beach_al,Cobalt the Restaurant,Orange Beach,AL,US,,,,,,sandwich,,,,,,FALSE,,menu_lunch,Lunch,sec_menu_lunch_sandwiches,,,item_menu_lunch_cobalt_beast_burger,Cobalt Beast Burger,"Elk, wild boar, wagyu and bison blend; blackened; bleu cheese, bacon, caramelized onions; brioche bun; garlic aioli.",19.00,fixed,,og_sandwich_side_choice,sandwich,,,,,,,,,,,,,,,,,,,,,,,19.00,
MENU_ITEM,cobalt_orange_beach_al,Cobalt the Restaurant,Orange Beach,AL,US,,,,,,sandwich,,,,,,FALSE,,menu_lunch,Lunch,sec_menu_lunch_sandwiches,,,item_menu_lunch_the_do_it_yourselfer,The Do It Yourselfer,"Certified Angus Beef® chuck, short rib and brisket; grilled; sourdough bun; romaine, tomatoes, red onions.",13.00,fixed,,og_sandwich_side_choice,sandwich,,,,,,,,,,,,,,,,,,,,,,,13.00,
MENU_ITEM,cobalt_orange_beach_al,Cobalt the Restaurant,Orange Beach,AL,US,,,,,,sandwich,,,,,,FALSE,,menu_lunch,Lunch,sec_menu_lunch_sandwiches,,,item_menu_lunch_sweet_heat_chicken_sandwich,Sweet Heat Chicken Sandwich,"Lightly fried chicken breast tossed in sweet heat sauce; sourdough bun; lettuce, tomato, onion; B&B pickles; garlic aioli; provolone.",13.00,fixed,,og_sandwich_side_choice,sandwich,,,,,,,,,,,,,,,,,,,,,,,13.00,
MENU_ITEM,cobalt_orange_beach_al,Cobalt the Restaurant,Orange Beach,AL,US,,,,,,sandwich,,,,,,FALSE,,menu_lunch,Lunch,sec_menu_lunch_sandwiches,,,item_menu_lunch_super_grilled_cheese,Super Grilled Cheese,"Smoked Gouda, Parmesan, Swiss, provolone and American cheeses with bacon and tomatoes on BuzzCatz bread.",13.00,fixed,,og_sandwich_side_choice,sandwich,,,,,,,,,,,,,,,,,,,,,,,13.00,
MENU_ITEM,cobalt_orange_beach_al,Cobalt the Restaurant,Orange Beach,AL,US,,,,,,sandwich,,,,,,FALSE,,menu_lunch,Lunch,sec_menu_lunch_sandwiches,,,item_menu_lunch_po_boy_choose_protein,Po' Boy (Choose Protein),Served on toasted French loaf with lettuce and tomato. Choose Shrimp/Fish/Oysters with listed prices.,,variable,,og_po_boy_type|og_sandwich_side_choice,sandwich,,,,,,,,,,,,,,,,,,,,,,,,
MENU_ITEM,cobalt_orange_beach_al,Cobalt the Restaurant,Orange Beach,AL,US,,,,,,sandwich,,,,,,FALSE,,menu_lunch,Lunch,sec_menu_lunch_sandwiches,,,item_menu_lunch_po_boy_shrimp,Po' Boy - Shrimp,Served on toasted French loaf with lettuce and tomato.,13.00,fixed,,og_sandwich_side_choice,sandwich,,,,,,,,,,,,,,,,,,,,,,,13.00,
MENU_ITEM,cobalt_orange_beach_al,Cobalt the Restaurant,Orange Beach,AL,US,,,,,,sandwich,,,,,,FALSE,,menu_lunch,Lunch,sec_menu_lunch_sandwiches,,,item_menu_lunch_po_boy_fish,Po' Boy - Fish,Served on toasted French loaf with lettuce and tomato.,16.00,fixed,,og_sandwich_side_choice,sandwich,,,,,,,,,,,,,,,,,,,,,,,16.00,
MENU_ITEM,cobalt_orange_beach_al,Cobalt the Restaurant,Orange Beach,AL,US,,,,,,sandwich,,,,,,FALSE,,menu_lunch,Lunch,sec_menu_lunch_sandwiches,,,item_menu_lunch_po_boy_oysters,Po' Boy - Oysters,Served on toasted French loaf with lettuce and tomato.,17.00,fixed,,og_sandwich_side_choice,sandwich,,,,,,,,,,,,,,,,,,,,,,,17.00,
MENU_ITEM,cobalt_orange_beach_al,Cobalt the Restaurant,Orange Beach,AL,US,,,,,,sandwich,,,,,,FALSE,,menu_lunch,Lunch,sec_menu_lunch_sandwiches,,,item_menu_lunch_fish_sandwich,Fish Sandwich,"Today's fresh selection served grilled, blackened or fried; toasted sourdough bun with lettuce, tomato, onion.",market,market,,og_fish_sandwich_style|og_sandwich_side_choice,sandwich,,,,,,,,,,,,,,,,,,,,,,,market,
MENU_ITEM,cobalt_orange_beach_al,Cobalt the Restaurant,Orange Beach,AL,US,,,,,,sandwich,,,,,,FALSE,,menu_lunch,Lunch,sec_menu_lunch_sandwiches,,,item_menu_lunch_tuna_melt,Tuna Melt,"Housemade tuna salad on BuzzCatz bread; oven roasted; aioli, lettuce, tomatoes, shredded cheddar.",13.00,fixed,,og_sandwich_side_choice,sandwich,,,,,,,,,,,,,,,,,,,,,,,13.00,
MENU_SECTION,cobalt_orange_beach_al,Cobalt the Restaurant,Orange Beach,AL,US,,,,,,,,,,,,,,menu_lunch,Lunch,sec_menu_lunch_sides,Sides,,,,,,,,,,,,,,,,,,,,,,,,,,,,,,,,,
MENU_ITEM,cobalt_orange_beach_al,Cobalt the Restaurant,Orange Beach,AL,US,,,,,,side,,,,,,FALSE,,menu_lunch,Lunch,sec_menu_lunch_sides,,,item_menu_lunch_brown_butter_green_beans,Brown Butter Green Beans,,5.00,fixed,,,side,,,,,,,,,,,,,,,,,,,,,,,5.00,
MENU_ITEM,cobalt_orange_beach_al,Cobalt the Restaurant,Orange Beach,AL,US,,,,,,side,,,,,,FALSE,,menu_lunch,Lunch,sec_menu_lunch_sides,,,item_menu_lunch_creamy_parmesan_risotto,Creamy Parmesan Risotto,,5.00,fixed,,,side,,,,,,,,,,,,,,,,,,,,,,,5.00,
MENU_ITEM,cobalt_orange_beach_al,Cobalt the Restaurant,Orange Beach,AL,US,,,,,,side,,,,,,FALSE,,menu_lunch,Lunch,sec_menu_lunch_sides,,,item_menu_lunch_grilled_asparagus,Grilled Asparagus,,5.00,fixed,,,side,,,,,,,,,,,,,,,,,,,,,,,5.00,
MENU_ITEM,cobalt_orange_beach_al,Cobalt the Restaurant,Orange Beach,AL,US,,,,,,side,,,,,,FALSE,,menu_lunch,Lunch,sec_menu_lunch_sides,,,item_menu_lunch_tasso_ham_succotash,Tasso Ham Succotash,,5.00,fixed,,,side,,,,,,,,,,,,,,,,,,,,,,,5.00,
MENU_ITEM,cobalt_orange_beach_al,Cobalt the Restaurant,Orange Beach,AL,US,,,,,,side,,,,,,FALSE,,menu_lunch,Lunch,sec_menu_lunch_sides,,,item_menu_lunch_fried_brussels_sprouts,Fried Brussels Sprouts,,5.00,fixed,,,side,,,,,,,,,,,,,,,,,,,,,,,5.00,
MENU_ITEM,cobalt_orange_beach_al,Cobalt the Restaurant,Orange Beach,AL,US,,,,,,side,,,,,,FALSE,,menu_lunch,Lunch,sec_menu_lunch_sides,,,item_menu_lunch_smoked_cheddar_bacon_mashed_potatoes,Smoked Cheddar Bacon Mashed Potatoes,,4.00,fixed,,,side,,,,,,,,,,,,,,,,,,,,,,,4.00,
MENU_ITEM,cobalt_orange_beach_al,Cobalt the Restaurant,Orange Beach,AL,US,,,,,,side,,,,,,FALSE,,menu_lunch,Lunch,sec_menu_lunch_sides,,,item_menu_lunch_jambalaya_rice,Jambalaya Rice,,4.00,fixed,,,side,,,,,,,,,,,,,,,,,,,,,,,4.00,
MENU_ITEM,cobalt_orange_beach_al,Cobalt the Restaurant,Orange Beach,AL,US,,,,,,side,,,,,,FALSE,,menu_lunch,Lunch,sec_menu_lunch_sides,,,item_menu_lunch_buttermilk_pepper_jack_cheese_grits,Buttermilk Pepper Jack Cheese Grits,,4.00,fixed,,,side,,,,,,,,,,,,,,,,,,,,,,,4.00,
MENU_ITEM,cobalt_orange_beach_al,Cobalt the Restaurant,Orange Beach,AL,US,,,,,,side,,,,,,FALSE,,menu_lunch,Lunch,sec_menu_lunch_sides,,,item_menu_lunch_cole_slaw,Cole Slaw,,4.00,fixed,,,side,,,,,,,,,,,,,,,,,,,,,,,4.00,
MENU_ITEM,cobalt_orange_beach_al,Cobalt the Restaurant,Orange Beach,AL,US,,,,,,side,,,,,,FALSE,,menu_lunch,Lunch,sec_menu_lunch_sides,,,item_menu_lunch_french_fries,French Fries,,4.00,fixed,,,side,,,,,,,,,,,,,,,,,,,,,,,4.00,
MENU_SECTION,cobalt_orange_beach_al,Cobalt the Restaurant,Orange Beach,AL,US,,,,,,,,,,,,,,menu_lunch,Lunch,sec_menu_lunch_desserts,Desserts,,,,,,,,,,,,,,,,,,,,,,,,,,,,,,,,,
MENU_ITEM,cobalt_orange_beach_al,Cobalt the Restaurant,Orange Beach,AL,US,,,,,,dessert,,,,,,FALSE,,menu_lunch,Lunch,sec_menu_lunch_desserts,,,item_menu_lunch_fried_apple_pie,Fried Apple Pie,Homemade biscuit dough filled with apples and cinnamon; deep fried; served with vanilla ice cream and caramel sauce.,8.00,fixed,,,dessert,,,,,,,,,,,,,,,,,,,,,,,8.00,
MENU_ITEM,cobalt_orange_beach_al,Cobalt the Restaurant,Orange Beach,AL,US,,,,,,dessert,,,,,,FALSE,,menu_lunch,Lunch,sec_menu_lunch_desserts,,,item_menu_lunch_creole_cheesecake,Creole Cheesecake,Housemade Creole cream cheese with roasted pecan crust; pecan praline and caramel sauce.,8.00,fixed,,,dessert,,,,,,,,,,,,,,,,,,,,,,,8.00,
MENU_ITEM,cobalt_orange_beach_al,Cobalt the Restaurant,Orange Beach,AL,US,,,,,,dessert,,,,,,FALSE,,menu_lunch,Lunch,sec_menu_lunch_desserts,,,item_menu_lunch_triple_layer_chocolate_cake,Triple Layer Chocolate Cake,Layers of rich chocolate buttercream between moist chocolate cake; espresso ice cream.,8.00,fixed,,og_dessert_liquor_drizzle,dessert,,,,,,,,,,,,,,,,,,,,,,,8.00,
MENU_ITEM,cobalt_orange_beach_al,Cobalt the Restaurant,Orange Beach,AL,US,,,,,,dessert,,,,,,FALSE,,menu_lunch,Lunch,sec_menu_lunch_desserts,,,item_menu_lunch_key_lime_pie,Key Lime Pie,Made with real key lime juice; blackberry coulis and whipped cream.,8.00,fixed,,,dessert,,,,,,,,,,,,,,,,,,,,,,,8.00,
MENU_ITEM,cobalt_orange_beach_al,Cobalt the Restaurant,Orange Beach,AL,US,,,,,,dessert,,,,,,FALSE,,menu_lunch,Lunch,sec_menu_lunch_desserts,,,item_menu_lunch_vanilla_bean_cr_me_br_l_e,Vanilla Bean Crème Brûlée,Traditional custard with turbinado sugar shell.,8.00,fixed,,,dessert,,,,,,,,,,,,,,,,,,,,,,,8.00,
MENU_ITEM,cobalt_orange_beach_al,Cobalt the Restaurant,Orange Beach,AL,US,,,,,,dessert,,,,,,FALSE,,menu_lunch,Lunch,sec_menu_lunch_desserts,,,item_menu_lunch_bread_pudding,Bread Pudding,Baked fresh daily; ask server for today's selection.,8.00,fixed,,,dessert,,,,,,,,,,,,,,,,,,,,,,,8.00,
MENU_SECTION,cobalt_orange_beach_al,Cobalt the Restaurant,Orange Beach,AL,US,,,,,,,,,,,,,,menu_dinner,Dinner,sec_menu_dinner_appetizers,Appetizers,,,,,,,,,,,,,,,,,,,,,,,,,,,,,,,,,
MENU_ITEM,cobalt_orange_beach_al,Cobalt the Restaurant,Orange Beach,AL,US,,,,,,appetizer,,,,,,FALSE,,menu_dinner,Dinner,sec_menu_dinner_appetizers,,,item_menu_dinner_crab_claws,Crab Claws,Lightly fried and served with cocktail sauce.,market,market,,,appetizer,,,,,,,,,,,,,,,,,,,,,,,market,
MENU_ITEM,cobalt_orange_beach_al,Cobalt the Restaurant,Orange Beach,AL,US,,,,,,appetizer,,,,,,FALSE,,menu_dinner,Dinner,sec_menu_dinner_appetizers,,,item_menu_dinner_tuna_and_avocado_stack,Tuna and Avocado Stack,"Sashimi grade tuna and avocado tossed in sweet Asian sauce, served between crisp wontons.",14.00,fixed,,,appetizer,,,,,,,,,,,,,,,,,,,,,,,14.00,
MENU_ITEM,cobalt_orange_beach_al,Cobalt the Restaurant,Orange Beach,AL,US,,,,,,appetizer,,,,,,FALSE,,menu_dinner,Dinner,sec_menu_dinner_appetizers,,,item_menu_dinner_bbq_gulf_shrimp,BBQ Gulf Shrimp,Sautéed in a Creole butter sauce and served with grilled French bread.,15.00,fixed,,og_bbq_shrimp_double,appetizer,,,,,,,,,,,,,,,,,,,,,,,15.00,
MENU_ITEM,cobalt_orange_beach_al,Cobalt the Restaurant,Orange Beach,AL,US,,,,,,appetizer,,,,,,FALSE,,menu_dinner,Dinner,sec_menu_dinner_appetizers,,,item_menu_dinner_firecracker_shrimp,Firecracker Shrimp,Lightly dusted bay shrimp fried and tossed in spicy remoulade sauce.,13.00,fixed,,,appetizer,,,,,,,,,,,,,,,,,,,,,,,13.00,
MENU_ITEM,cobalt_orange_beach_al,Cobalt the Restaurant,Orange Beach,AL,US,,,,,,appetizer,,,,,,FALSE,,menu_dinner,Dinner,sec_menu_dinner_appetizers,,,item_menu_dinner_cobalt_crab_and_shrimp_dip,Cobalt Crab and Shrimp Dip,"Hot creamy blend of fresh blue crab and tender bay shrimp with roasted sweet red peppers, Parmesan and Swiss cheese. Accompanied by grilled French bread.",15.00,fixed,,,appetizer,,,,,,,,,,,,,,,,,,,,,,,15.00,
MENU_ITEM,cobalt_orange_beach_al,Cobalt the Restaurant,Orange Beach,AL,US,,,,,,appetizer,,,,,,FALSE,,menu_dinner,Dinner,sec_menu_dinner_appetizers,,,item_menu_dinner_cobalt_caviar,Cobalt Caviar,"Black beans, edamame, corn, red onion, Roma tomatoes and cilantro tossed in a light vinaigrette; served with corn tortilla chips.",10.00,fixed,,,appetizer,,,,,,,,,,,,,,,,,,,,,,,10.00,
MENU_ITEM,cobalt_orange_beach_al,Cobalt the Restaurant,Orange Beach,AL,US,,,,,,appetizer,,,,,,FALSE,,menu_dinner,Dinner,sec_menu_dinner_appetizers,,,item_menu_dinner_crab_and_scallop_cakes,Crab and Scallop Cakes,Three fried crab and scallop cakes. Served over cole slaw and topped with charred green tomato remoulade.,13.00,fixed,,,appetizer,,,,,,,,,,,,,,,,,,,,,,,13.00,
MENU_ITEM,cobalt_orange_beach_al,Cobalt the Restaurant,Orange Beach,AL,US,,,,,,appetizer,,,,,,FALSE,,menu_dinner,Dinner,sec_menu_dinner_appetizers,,,item_menu_dinner_cobalt_cheese_dip,Cobalt Cheese Dip,Parmesan and Swiss blend; topped with crumbled Cotija cheese and poblano green tomato relish; served with corn tortilla chips.,10.00,fixed,,,appetizer,,,,,,,,,,,,,,,,,,,,,,,10.00,
MENU_SECTION,cobalt_orange_beach_al,Cobalt the Restaurant,Orange Beach,AL,US,,,,,,,,,,,,,,menu_dinner,Dinner,sec_menu_dinner_soups,Soups,,,,,,,,,,,,,,,,,,,,,,,,,,,,,,,,,
MENU_ITEM,cobalt_orange_beach_al,Cobalt the Restaurant,Orange Beach,AL,US,,,,,,soup,,,,,,FALSE,,menu_dinner,Dinner,sec_menu_dinner_soups,,,item_menu_dinner_cobalt_crab_bisque_cup,Cobalt Crab Bisque (Cup),"Creamy blend of sweet blue crab, sweet corn and roasted tomato.",6.00,fixed,Cup,,soup,,,,,,,,,,,,,,,,,,,,,,,6.00,
MENU_ITEM,cobalt_orange_beach_al,Cobalt the Restaurant,Orange Beach,AL,US,,,,,,soup,,,,,,FALSE,,menu_dinner,Dinner,sec_menu_dinner_soups,,,item_menu_dinner_cobalt_crab_bisque_bowl,Cobalt Crab Bisque (Bowl),"Creamy blend of sweet blue crab, sweet corn and roasted tomato.",10.00,fixed,Bowl,,soup,,,,,,,,,,,,,,,,,,,,,,,10.00,
MENU_ITEM,cobalt_orange_beach_al,Cobalt the Restaurant,Orange Beach,AL,US,,,,,,soup,,,,,,FALSE,,menu_dinner,Dinner,sec_menu_dinner_soups,,,item_menu_dinner_soup_of_the_day_cup,Soup Of The Day (Cup),Varies daily.,5.00,fixed,Cup,,soup,,,,,,,,,,,,,,,,,,,,,,,5.00,
MENU_ITEM,cobalt_orange_beach_al,Cobalt the Restaurant,Orange Beach,AL,US,,,,,,soup,,,,,,FALSE,,menu_dinner,Dinner,sec_menu_dinner_soups,,,item_menu_dinner_soup_of_the_day_bowl,Soup Of The Day (Bowl),Varies daily.,8.00,fixed,Bowl,,soup,,,,,,,,,,,,,,,,,,,,,,,8.00,
MENU_SECTION,cobalt_orange_beach_al,Cobalt the Restaurant,Orange Beach,AL,US,,,,,,,,,,,,,,menu_dinner,Dinner,sec_menu_dinner_salads,Salads,,,,,,,,,,,,,,,,,,,,,,,,,,,,,,,,,
MENU_ITEM,cobalt_orange_beach_al,Cobalt the Restaurant,Orange Beach,AL,US,,,,,,salad,,,,,,FALSE,,menu_dinner,Dinner,sec_menu_dinner_salads,,,item_menu_dinner_house_small,House (Small),"Romaine and spring greens with tomato, red onions, cucumbers and peppadews.",4.00,fixed,Small,og_salad_dressings|og_salad_enhancements,salad,,,,,,,,,,,,,,,,,,,,,,,4.00,
MENU_ITEM,cobalt_orange_beach_al,Cobalt the Restaurant,Orange Beach,AL,US,,,,,,salad,,,,,,FALSE,,menu_dinner,Dinner,sec_menu_dinner_salads,,,item_menu_dinner_house_large,House (Large),"Romaine and spring greens with tomato, red onions, cucumbers and peppadews.",10.00,fixed,Large,og_salad_dressings|og_salad_enhancements,salad,,,,,,,,,,,,,,,,,,,,,,,10.00,
MENU_ITEM,cobalt_orange_beach_al,Cobalt the Restaurant,Orange Beach,AL,US,,,,,,salad,,,,,,FALSE,,menu_dinner,Dinner,sec_menu_dinner_salads,,,item_menu_dinner_caesar_small,Caesar (Small),"Romaine, housemade traditional dressing, croutons and shaved Parmesan.",5.00,fixed,Small,og_salad_dressings|og_salad_enhancements,salad,,,,,,,,,,,,,,,,,,,,,,,5.00,
MENU_ITEM,cobalt_orange_beach_al,Cobalt the Restaurant,Orange Beach,AL,US,,,,,,salad,,,,,,FALSE,,menu_dinner,Dinner,sec_menu_dinner_salads,,,item_menu_dinner_caesar_large,Caesar (Large),"Romaine, housemade traditional dressing, croutons and shaved Parmesan.",10.00,fixed,Large,og_salad_dressings|og_salad_enhancements,salad,,,,,,,,,,,,,,,,,,,,,,,10.00,
MENU_ITEM,cobalt_orange_beach_al,Cobalt the Restaurant,Orange Beach,AL,US,,,,,,salad,,,,,,FALSE,,menu_dinner,Dinner,sec_menu_dinner_salads,,,item_menu_dinner_cobalt_wedge,Cobalt Wedge,"Baby iceberg with tomato, cucumber, diced red onion, applewood smoked bacon, bleu cheese crumbles and creamy bleu cheese dressing.",12.00,fixed,,og_wedge_brian_style|og_salad_dressings|og_salad_enhancements,salad,,,,,,,,,,,,,,,,,,,,,,,12.00,
MENU_ITEM,cobalt_orange_beach_al,Cobalt the Restaurant,Orange Beach,AL,US,,,,,,salad,,,,,,FALSE,,menu_dinner,Dinner,sec_menu_dinner_salads,,,item_menu_dinner_blackened_tuna,Blackened Tuna,"Mixed greens lightly tossed in Champagne citrus vinaigrette with candied Baldwin County pecans, goat cheese, orange segments and house pickled vegetables.",20.00,fixed,,og_salad_dressings|og_salad_enhancements,salad,,,,,,,,,,,,,,,,,,,,,,,20.00,
MENU_SECTION,cobalt_orange_beach_al,Cobalt the Restaurant,Orange Beach,AL,US,,,,,,,,,,,,,,menu_dinner,Dinner,sec_menu_dinner_entr_es,Entrées,,,,,,,,,,,,,,,,,,,,,,,,,,,,,,,,,
MENU_ITEM,cobalt_orange_beach_al,Cobalt the Restaurant,Orange Beach,AL,US,,,,,,entree,,,,,,FALSE,,menu_dinner,Dinner,sec_menu_dinner_entr_es,,,item_menu_dinner_fresh_catch,Fresh Catch,"Served grilled, blackened or fried with jambalaya rice and brown butter green beans. Oscar topped +$9.",market,market,,og_cooking_style|og_oscar_addon|og_house_sauces,entree,,,,,,,,,,,,,,,,,,,,,,,market,
MENU_ITEM,cobalt_orange_beach_al,Cobalt the Restaurant,Orange Beach,AL,US,,,,,,entree,,,,,,FALSE,,menu_dinner,Dinner,sec_menu_dinner_entr_es,,,item_menu_dinner_surf_n_surf,Surf-n-Surf,Blackened Gulf yellowfin tuna and two fried crab and scallop cakes over pepper jack grits and grilled asparagus; charred green tomato remoulade; Louisiana hot hollandaise.,35.00,fixed,,,entree,,,,,,,,,,,,,,,,,,,,,,,35.00,
MENU_ITEM,cobalt_orange_beach_al,Cobalt the Restaurant,Orange Beach,AL,US,,,,,,entree,,,,,,FALSE,,menu_dinner,Dinner,sec_menu_dinner_entr_es,,,item_menu_dinner_bronzed_gulf_grouper,Bronzed Gulf Grouper,Served over Parmesan risotto; topped with Cajun cream sautéed blue crab.,market,market,,,entree,,,,,,,,,,,,,,,,,,,,,,,market,
MENU_ITEM,cobalt_orange_beach_al,Cobalt the Restaurant,Orange Beach,AL,US,,,,,,entree,,,,,,FALSE,,menu_dinner,Dinner,sec_menu_dinner_entr_es,,,item_menu_dinner_pecan_fried_catfish,Pecan Fried Catfish,"Alabama farm-raised filets over tasso ham, sweet corn and black-eyed pea succotash drizzled with dill tartar.",26.00,fixed,,,entree,,,,,,,,,,,,,,,,,,,,,,,26.00,
MENU_ITEM,cobalt_orange_beach_al,Cobalt the Restaurant,Orange Beach,AL,US,,,,,,entree,,,,,,FALSE,,menu_dinner,Dinner,sec_menu_dinner_entr_es,,,item_menu_dinner_gulf_shrimp_and_grits,Gulf Shrimp and Grits,"One dozen large Gulf shrimp skewered, chargrilled, topped with Cajun cream sauce; served over buttermilk pepper jack cheese grits.",25.00,fixed,,,entree,,,,,,,,,,,,,,,,,,,,,,,25.00,
MENU_ITEM,cobalt_orange_beach_al,Cobalt the Restaurant,Orange Beach,AL,US,,,,,,entree,,,,,,FALSE,,menu_dinner,Dinner,sec_menu_dinner_entr_es,,,item_menu_dinner_fried_platter_shrimp,Fried Platter - Shrimp,"Lightly dusted and fried Gulf seafood. Served with fries, cole slaw and choice of cocktail or tartar sauce.",24.00,fixed,,og_fried_platter_sauce,entree,,,,,,,,,,,,,,,,,,,,,,,24.00,
MENU_ITEM,cobalt_orange_beach_al,Cobalt the Restaurant,Orange Beach,AL,US,,,,,,entree,,,,,,FALSE,,menu_dinner,Dinner,sec_menu_dinner_entr_es,,,item_menu_dinner_fried_platter_fish,Fried Platter - Fish,"Lightly dusted and fried Gulf seafood. Served with fries, cole slaw and choice of cocktail or tartar sauce.",24.00,fixed,,og_fried_platter_sauce,entree,,,,,,,,,,,,,,,,,,,,,,,24.00,
MENU_ITEM,cobalt_orange_beach_al,Cobalt the Restaurant,Orange Beach,AL,US,,,,,,entree,,,,,,FALSE,,menu_dinner,Dinner,sec_menu_dinner_entr_es,,,item_menu_dinner_fried_platter_oysters,Fried Platter - Oysters,"Lightly dusted and fried Gulf seafood. Served with fries, cole slaw and choice of cocktail or tartar sauce.",26.00,fixed,,og_fried_platter_sauce,entree,,,,,,,,,,,,,,,,,,,,,,,26.00,
MENU_ITEM,cobalt_orange_beach_al,Cobalt the Restaurant,Orange Beach,AL,US,,,,,,entree,,,,,,FALSE,,menu_dinner,Dinner,sec_menu_dinner_entr_es,,,item_menu_dinner_blackened_redfish,Blackened Redfish,"Served with jambalaya, grilled asparagus and Louisiana Hot Sauce hollandaise.",31.00,fixed,,,entree,,,,,,,,,,,,,,,,,,,,,,,31.00,
MENU_ITEM,cobalt_orange_beach_al,Cobalt the Restaurant,Orange Beach,AL,US,,,,,,entree,,,,,,FALSE,,menu_dinner,Dinner,sec_menu_dinner_entr_es,,,item_menu_dinner_white_bbq_pork_tenderloin,White BBQ Pork Tenderloin,8 oz tenderloin marinated in white BBQ and grilled; Brie cream gnocchi; fried Brussels sprouts; fried onion rings; pepper jelly.,24.00,fixed,,,entree,,,,,,,,,,,,,,,,,,,,,,,24.00,
MENU_ITEM,cobalt_orange_beach_al,Cobalt the Restaurant,Orange Beach,AL,US,,,,,,entree,,,,,,FALSE,,menu_dinner,Dinner,sec_menu_dinner_entr_es,,,item_menu_dinner_delmonico_ribeye,Delmonico Ribeye,14 oz Delmonico ribeye; smoked cheddar bacon mashed potatoes; brown butter green beans; port demi-glace.,40.00,fixed,,,entree,,,,,,,,,,,,,,,,,,,,,,,40.00,
MENU_ITEM,cobalt_orange_beach_al,Cobalt the Restaurant,Orange Beach,AL,US,,,,,,entree,,,,,,FALSE,,menu_dinner,Dinner,sec_menu_dinner_entr_es,,,item_menu_dinner_filet,Filet,8 oz center cut filet; smoked cheddar bacon mashed potatoes; grilled asparagus; Cobalt steak butter.,38.00,fixed,,,entree,,,,,,,,,,,,,,,,,,,,,,,38.00,
MENU_ITEM,cobalt_orange_beach_al,Cobalt the Restaurant,Orange Beach,AL,US,,,,,,entree,,,,,,FALSE,,menu_dinner,Dinner,sec_menu_dinner_entr_es,,,item_menu_dinner_free_range_chicken_breast,Free Range Chicken Breast,Pan-seared bone-in chicken; pepper jack grits; fried Brussels sprouts; Creole tasso gravy.,22.00,fixed,,,entree,,,,,,,,,,,,,,,,,,,,,,,22.00,
MENU_ITEM,cobalt_orange_beach_al,Cobalt the Restaurant,Orange Beach,AL,US,,,,,,entree,,,,,,FALSE,,menu_dinner,Dinner,sec_menu_dinner_entr_es,,,item_menu_dinner_seasonal_butcher_s_block,Seasonal Butcher's Block,Seasonal chef-composed dish; ask server for details.,market,market,,,entree,,,,,,,,,,,,,,,,,,,,,,,market,
MENU_SECTION,cobalt_orange_beach_al,Cobalt the Restaurant,Orange Beach,AL,US,,,,,,,,,,,,,,menu_dinner,Dinner,sec_menu_dinner_oysters,Oysters,,,,,,,,,,,,,,,,,,,,,,,,,,,,,,,,,
MENU_ITEM,cobalt_orange_beach_al,Cobalt the Restaurant,Orange Beach,AL,US,,,,,,oysters,,,,,,FALSE,,menu_dinner,Dinner,sec_menu_dinner_oysters,,,item_menu_dinner_raw_oysters,Raw Oysters,Gulf raw oysters served with cocktail sauce and horseradish.,market,market,,og_oyster_qty,oysters,,,,,,,,,,,,,,,,,,,,,,,market,
MENU_ITEM,cobalt_orange_beach_al,Cobalt the Restaurant,Orange Beach,AL,US,,,,,,oysters,,,,,,FALSE,,menu_dinner,Dinner,sec_menu_dinner_oysters,,,item_menu_dinner_creole_casino,Creole Casino,"Topped with tasso, jalapeño, red bell pepper, shallots, cream cheese and smoked Gouda. Accompanied by grilled French bread.",market,market,,og_oyster_qty,oysters,,,,,,,,,,,,,,,,,,,,,,,market,
MENU_ITEM,cobalt_orange_beach_al,Cobalt the Restaurant,Orange Beach,AL,US,,,,,,oysters,,,,,,FALSE,,menu_dinner,Dinner,sec_menu_dinner_oysters,,,item_menu_dinner_garlic_parmesan_chargrilled,Garlic Parmesan Chargrilled,Topped with garlic butter and savory Parmesan cheese. Accompanied by grilled French bread.,market,market,,og_oyster_qty,oysters,,,,,,,,,,,,,,,,,,,,,,,market,
MENU_ITEM,cobalt_orange_beach_al,Cobalt the Restaurant,Orange Beach,AL,US,,,,,,oysters,,,,,,FALSE,,menu_dinner,Dinner,sec_menu_dinner_oysters,,,item_menu_dinner_rockefeller,Rockefeller,"Spinach, garlic, shallots, parsley, anchovies and green onion with a hint of anisette. Accompanied by grilled French bread.",market,market,,og_oyster_qty,oysters,,,,,,,,,,,,,,,,,,,,,,,market,
MENU_ITEM,cobalt_orange_beach_al,Cobalt the Restaurant,Orange Beach,AL,US,,,,,,oysters,,,,,,FALSE,,menu_dinner,Dinner,sec_menu_dinner_oysters,,,item_menu_dinner_combination,Combination,"Selection of Garlic Parmesan, Creole Casino and Rockefeller. Accompanied by grilled French bread.",market,market,,og_oyster_qty,oysters,,,,,,,,,,,,,,,,,,,,,,,market,
MENU_SECTION,cobalt_orange_beach_al,Cobalt the Restaurant,Orange Beach,AL,US,,,,,,,,,,,,,,menu_dinner,Dinner,sec_menu_dinner_pasta,Pasta,,,,,,,,,,,,,,,,,,,,,,,,,,,,,,,,,
MENU_ITEM,cobalt_orange_beach_al,Cobalt the Restaurant,Orange Beach,AL,US,,,,,,pasta,,,,,,FALSE,,menu_dinner,Dinner,sec_menu_dinner_pasta,,,item_menu_dinner_zydeco_chicken,Zydeco Chicken,"Blackened chicken with spicy housemade tasso ham, sweet onions, bell peppers and pappardelle pasta tossed in Cajun alfredo.",21.00,fixed,,,pasta,,,,,,,,,,,,,,,,,,,,,,,21.00,
MENU_ITEM,cobalt_orange_beach_al,Cobalt the Restaurant,Orange Beach,AL,US,,,,,,pasta,,,,,,FALSE,,menu_dinner,Dinner,sec_menu_dinner_pasta,,,item_menu_dinner_shrimp_fra_diavolo,Shrimp Fra Diavolo,"Gulf shrimp sautéed with roasted mushrooms, onions, chargrilled lemon, spinach and arugula with spicy marinara and angel hair pasta.",21.00,fixed,,,pasta,,,,,,,,,,,,,,,,,,,,,,,21.00,
MENU_ITEM,cobalt_orange_beach_al,Cobalt the Restaurant,Orange Beach,AL,US,,,,,,pasta,,,,,,FALSE,,menu_dinner,Dinner,sec_menu_dinner_pasta,,,item_menu_dinner_crab_and_scallop_gnocchi,Crab and Scallop Gnocchi,"Sea scallops and fresh blue crab sautéed with onions, spinach, tomatoes, sweet peppers tossed in Brie cream with gnocchi.",25.00,fixed,,,pasta,,,,,,,,,,,,,,,,,,,,,,,25.00,
MENU_SECTION,cobalt_orange_beach_al,Cobalt the Restaurant,Orange Beach,AL,US,,,,,,,,,,,,,,menu_dinner,Dinner,sec_menu_dinner_sandwiches,Sandwiches,,,,,,,,,,,,,,,,,,,,,,,,,,,,,,,,,
MENU_ITEM,cobalt_orange_beach_al,Cobalt the Restaurant,Orange Beach,AL,US,,,,,,sandwich,,,,,,FALSE,,menu_dinner,Dinner,sec_menu_dinner_sandwiches,,,item_menu_dinner_cobalt_beast_burger,Cobalt Beast Burger,"Elk, wild boar, wagyu and bison blend; blackened; bleu cheese, bacon, caramelized onions; brioche bun; garlic aioli.",19.00,fixed,,og_sandwich_side_choice,sandwich,,,,,,,,,,,,,,,,,,,,,,,19.00,
MENU_ITEM,cobalt_orange_beach_al,Cobalt the Restaurant,Orange Beach,AL,US,,,,,,sandwich,,,,,,FALSE,,menu_dinner,Dinner,sec_menu_dinner_sandwiches,,,item_menu_dinner_the_do_it_yourselfer,The Do It Yourselfer,"Certified Angus Beef® chuck, short rib and brisket; grilled; sourdough bun; romaine, tomatoes, red onions.",13.00,fixed,,og_sandwich_side_choice,sandwich,,,,,,,,,,,,,,,,,,,,,,,13.00,
MENU_ITEM,cobalt_orange_beach_al,Cobalt the Restaurant,Orange Beach,AL,US,,,,,,sandwich,,,,,,FALSE,,menu_dinner,Dinner,sec_menu_dinner_sandwiches,,,item_menu_dinner_po_boy_choose_protein,Po' Boy (Choose Protein),Choose Shrimp/Fish/Oysters with listed prices.,,variable,,og_po_boy_type|og_sandwich_side_choice,sandwich,,,,,,,,,,,,,,,,,,,,,,,,
MENU_ITEM,cobalt_orange_beach_al,Cobalt the Restaurant,Orange Beach,AL,US,,,,,,sandwich,,,,,,FALSE,,menu_dinner,Dinner,sec_menu_dinner_sandwiches,,,item_menu_dinner_po_boy_shrimp,Po' Boy - Shrimp,Served on French loaf.,13.00,fixed,,og_sandwich_side_choice,sandwich,,,,,,,,,,,,,,,,,,,,,,,13.00,
MENU_ITEM,cobalt_orange_beach_al,Cobalt the Restaurant,Orange Beach,AL,US,,,,,,sandwich,,,,,,FALSE,,menu_dinner,Dinner,sec_menu_dinner_sandwiches,,,item_menu_dinner_po_boy_fish,Po' Boy - Fish,Served on French loaf.,16.00,fixed,,og_sandwich_side_choice,sandwich,,,,,,,,,,,,,,,,,,,,,,,16.00,
MENU_ITEM,cobalt_orange_beach_al,Cobalt the Restaurant,Orange Beach,AL,US,,,,,,sandwich,,,,,,FALSE,,menu_dinner,Dinner,sec_menu_dinner_sandwiches,,,item_menu_dinner_po_boy_oysters,Po' Boy - Oysters,Served on French loaf.,17.00,fixed,,og_sandwich_side_choice,sandwich,,,,,,,,,,,,,,,,,,,,,,,17.00,
MENU_ITEM,cobalt_orange_beach_al,Cobalt the Restaurant,Orange Beach,AL,US,,,,,,sandwich,,,,,,FALSE,,menu_dinner,Dinner,sec_menu_dinner_sandwiches,,,item_menu_dinner_fish_sandwich,Fish Sandwich,"Today's fresh selection served grilled, blackened or fried.",market,market,,og_fish_sandwich_style|og_sandwich_side_choice,sandwich,,,,,,,,,,,,,,,,,,,,,,,market,
MENU_SECTION,cobalt_orange_beach_al,Cobalt the Restaurant,Orange Beach,AL,US,,,,,,,,,,,,,,menu_dinner,Dinner,sec_menu_dinner_stone_hearth_pizza,Stone Hearth Pizza,,,,,,,,,,,,,,,,,,,,,,,,,,,,,,,,,
MENU_ITEM,cobalt_orange_beach_al,Cobalt the Restaurant,Orange Beach,AL,US,,,,,,pizza,,,,,,FALSE,,menu_dinner,Dinner,sec_menu_dinner_stone_hearth_pizza,,,item_menu_dinner_margherita_10,"Margherita (10"")",House crust; roasted Roma tomatoes; fresh mozzarella; basil.,14.00,fixed,"10""",,pizza,,,,,,,,,,,,,,,,,,,,,,,14.00,
MENU_ITEM,cobalt_orange_beach_al,Cobalt the Restaurant,Orange Beach,AL,US,,,,,,pizza,,,,,,FALSE,,menu_dinner,Dinner,sec_menu_dinner_stone_hearth_pizza,,,item_menu_dinner_cobalt_pizza_10,"Cobalt Pizza (10"")","Grilled chicken, bacon, spinach/arugula, mushrooms, onions; marinara; mozzarella; smoked Gouda.",17.00,fixed,"10""",,pizza,,,,,,,,,,,,,,,,,,,,,,,17.00,
MENU_ITEM,cobalt_orange_beach_al,Cobalt the Restaurant,Orange Beach,AL,US,,,,,,pizza,,,,,,FALSE,,menu_dinner,Dinner,sec_menu_dinner_stone_hearth_pizza,,,item_menu_dinner_build_your_own_pizza_10_cheese_only,"Build Your Own Pizza (10"") - Cheese Only",Sauce choice + add toppings $2 each.,11.00,fixed,"10""",og_pizza_sauce|og_pizza_toppings,pizza,,,,,,,,,,,,,,,,,,,,,,,11.00,
MENU_SECTION,cobalt_orange_beach_al,Cobalt the Restaurant,Orange Beach,AL,US,,,,,,,,,,,,,,menu_dinner,Dinner,sec_menu_dinner_sides,Sides,,,,,,,,,,,,,,,,,,,,,,,,,,,,,,,,,
MENU_ITEM,cobalt_orange_beach_al,Cobalt the Restaurant,Orange Beach,AL,US,,,,,,side,,,,,,FALSE,,menu_dinner,Dinner,sec_menu_dinner_sides,,,item_menu_dinner_brown_butter_green_beans,Brown Butter Green Beans,,5.00,fixed,,,side,,,,,,,,,,,,,,,,,,,,,,,5.00,
MENU_ITEM,cobalt_orange_beach_al,Cobalt the Restaurant,Orange Beach,AL,US,,,,,,side,,,,,,FALSE,,menu_dinner,Dinner,sec_menu_dinner_sides,,,item_menu_dinner_creamy_parmesan_risotto,Creamy Parmesan Risotto,,5.00,fixed,,,side,,,,,,,,,,,,,,,,,,,,,,,5.00,
MENU_ITEM,cobalt_orange_beach_al,Cobalt the Restaurant,Orange Beach,AL,US,,,,,,side,,,,,,FALSE,,menu_dinner,Dinner,sec_menu_dinner_sides,,,item_menu_dinner_grilled_asparagus,Grilled Asparagus,,5.00,fixed,,,side,,,,,,,,,,,,,,,,,,,,,,,5.00,
MENU_ITEM,cobalt_orange_beach_al,Cobalt the Restaurant,Orange Beach,AL,US,,,,,,side,,,,,,FALSE,,menu_dinner,Dinner,sec_menu_dinner_sides,,,item_menu_dinner_tasso_ham_corn_and_black_eyed_pea_succotash,"Tasso Ham, Corn and Black-Eyed Pea Succotash",,5.00,fixed,,,side,,,,,,,,,,,,,,,,,,,,,,,5.00,
MENU_ITEM,cobalt_orange_beach_al,Cobalt the Restaurant,Orange Beach,AL,US,,,,,,side,,,,,,FALSE,,menu_dinner,Dinner,sec_menu_dinner_sides,,,item_menu_dinner_fried_brussels_sprouts,Fried Brussels Sprouts,,5.00,fixed,,,side,,,,,,,,,,,,,,,,,,,,,,,5.00,
MENU_ITEM,cobalt_orange_beach_al,Cobalt the Restaurant,Orange Beach,AL,US,,,,,,side,,,,,,FALSE,,menu_dinner,Dinner,sec_menu_dinner_sides,,,item_menu_dinner_smoked_cheddar_bacon_mashed_potatoes,Smoked Cheddar Bacon Mashed Potatoes,,4.00,fixed,,,side,,,,,,,,,,,,,,,,,,,,,,,4.00,
MENU_ITEM,cobalt_orange_beach_al,Cobalt the Restaurant,Orange Beach,AL,US,,,,,,side,,,,,,FALSE,,menu_dinner,Dinner,sec_menu_dinner_sides,,,item_menu_dinner_jambalaya_rice,Jambalaya Rice,,4.00,fixed,,,side,,,,,,,,,,,,,,,,,,,,,,,4.00,
MENU_ITEM,cobalt_orange_beach_al,Cobalt the Restaurant,Orange Beach,AL,US,,,,,,side,,,,,,FALSE,,menu_dinner,Dinner,sec_menu_dinner_sides,,,item_menu_dinner_buttermilk_pepper_jack_cheese_grits,Buttermilk Pepper Jack Cheese Grits,,4.00,fixed,,,side,,,,,,,,,,,,,,,,,,,,,,,4.00,
MENU_ITEM,cobalt_orange_beach_al,Cobalt the Restaurant,Orange Beach,AL,US,,,,,,side,,,,,,FALSE,,menu_dinner,Dinner,sec_menu_dinner_sides,,,item_menu_dinner_cole_slaw,Cole Slaw,,4.00,fixed,,,side,,,,,,,,,,,,,,,,,,,,,,,4.00,
MENU_ITEM,cobalt_orange_beach_al,Cobalt the Restaurant,Orange Beach,AL,US,,,,,,side,,,,,,FALSE,,menu_dinner,Dinner,sec_menu_dinner_sides,,,item_menu_dinner_french_fries,French Fries,,4.00,fixed,,,side,,,,,,,,,,,,,,,,,,,,,,,4.00,
MENU_SECTION,cobalt_orange_beach_al,Cobalt the Restaurant,Orange Beach,AL,US,,,,,,,,,,,,,,menu_dinner,Dinner,sec_menu_dinner_desserts,Desserts,,,,,,,,,,,,,,,,,,,,,,,,,,,,,,,,,
MENU_ITEM,cobalt_orange_beach_al,Cobalt the Restaurant,Orange Beach,AL,US,,,,,,dessert,,,,,,FALSE,,menu_dinner,Dinner,sec_menu_dinner_desserts,,,item_menu_dinner_fried_apple_pie,Fried Apple Pie,Homemade biscuit dough filled with apples and cinnamon; vanilla ice cream; caramel sauce.,8.00,fixed,,,dessert,,,,,,,,,,,,,,,,,,,,,,,8.00,
MENU_ITEM,cobalt_orange_beach_al,Cobalt the Restaurant,Orange Beach,AL,US,,,,,,dessert,,,,,,FALSE,,menu_dinner,Dinner,sec_menu_dinner_desserts,,,item_menu_dinner_creole_cheesecake,Creole Cheesecake,Creole cream cheese with roasted pecan crust; pecan praline; caramel.,8.00,fixed,,,dessert,,,,,,,,,,,,,,,,,,,,,,,8.00,
MENU_ITEM,cobalt_orange_beach_al,Cobalt the Restaurant,Orange Beach,AL,US,,,,,,dessert,,,,,,FALSE,,menu_dinner,Dinner,sec_menu_dinner_desserts,,,item_menu_dinner_triple_layer_chocolate_cake,Triple Layer Chocolate Cake,Chocolate buttercream layers; espresso ice cream.,8.00,fixed,,og_dessert_liquor_drizzle,dessert,,,,,,,,,,,,,,,,,,,,,,,8.00,
MENU_ITEM,cobalt_orange_beach_al,Cobalt the Restaurant,Orange Beach,AL,US,,,,,,dessert,,,,,,FALSE,,menu_dinner,Dinner,sec_menu_dinner_desserts,,,item_menu_dinner_key_lime_pie,Key Lime Pie,Real key lime juice; blackberry coulis; whipped cream.,8.00,fixed,,,dessert,,,,,,,,,,,,,,,,,,,,,,,8.00,
MENU_ITEM,cobalt_orange_beach_al,Cobalt the Restaurant,Orange Beach,AL,US,,,,,,dessert,,,,,,FALSE,,menu_dinner,Dinner,sec_menu_dinner_desserts,,,item_menu_dinner_vanilla_bean_cr_me_br_l_e,Vanilla Bean Crème Brûlée,Traditional custard; turbinado sugar shell.,8.00,fixed,,,dessert,,,,,,,,,,,,,,,,,,,,,,,8.00,
MENU_ITEM,cobalt_orange_beach_al,Cobalt the Restaurant,Orange Beach,AL,US,,,,,,dessert,,,,,,FALSE,,menu_dinner,Dinner,sec_menu_dinner_desserts,,,item_menu_dinner_bread_pudding,Bread Pudding,Baked fresh daily; ask server for today's selection.,8.00,fixed,,,dessert,,,,,,,,,,,,,,,,,,,,,,,8.00,
MENU_SECTION,cobalt_orange_beach_al,Cobalt the Restaurant,Orange Beach,AL,US,,,,,,,,,,,,,,menu_kids,Kids,sec_menu_kids_kids_menu,Kids Menu,,,,,,,,,,,,,,,,,,,,,Available for lunch or dinner. Ages 12 and under.,,,,,,,,,,,,
POLICY,cobalt_orange_beach_al,Cobalt the Restaurant,Orange Beach,AL,US,,,,,,,,,,,,,,,,,,,,,,,,,,,,,,,,,,,,KidsMenuAgeLimit,12,Ages 12 years and under.,,,,,,,,,,,,
MENU_ITEM,cobalt_orange_beach_al,Cobalt the Restaurant,Orange Beach,AL,US,,,,,,kids_entree,,,,,,FALSE,,menu_kids,Kids,sec_menu_kids_kids_menu,,,item_menu_kids_hamburger,Hamburger,Served with fries.,7.00,fixed,,,kids_entree,,,,,,,,,,,,,,,,,,,,,,,7.00,
MENU_ITEM,cobalt_orange_beach_al,Cobalt the Restaurant,Orange Beach,AL,US,,,,,,kids_entree,,,,,,FALSE,,menu_kids,Kids,sec_menu_kids_kids_menu,,,item_menu_kids_cheeseburger,Cheeseburger,Served with fries.,8.00,fixed,,,kids_entree,,,,,,,,,,,,,,,,,,,,,,,8.00,
MENU_ITEM,cobalt_orange_beach_al,Cobalt the Restaurant,Orange Beach,AL,US,,,,,,kids_entree,,,,,,FALSE,,menu_kids,Kids,sec_menu_kids_kids_menu,,,item_menu_kids_fish,Fish,Grilled or fried. Served with fries.,8.00,fixed,,og_cooking_style,kids_entree,,,,,,,,,,,,,,,,,,,,,,,8.00,
MENU_ITEM,cobalt_orange_beach_al,Cobalt the Restaurant,Orange Beach,AL,US,,,,,,kids_entree,,,,,,FALSE,,menu_kids,Kids,sec_menu_kids_kids_menu,,,item_menu_kids_chicken,Chicken,Grilled or fried. Served with fries.,7.00,fixed,,og_cooking_style,kids_entree,,,,,,,,,,,,,,,,,,,,,,,7.00,
MENU_ITEM,cobalt_orange_beach_al,Cobalt the Restaurant,Orange Beach,AL,US,,,,,,kids_entree,,,,,,FALSE,,menu_kids,Kids,sec_menu_kids_kids_menu,,,item_menu_kids_fried_shrimp,Fried Shrimp,Served with fries.,7.00,fixed,,,kids_entree,,,,,,,,,,,,,,,,,,,,,,,7.00,
MENU_ITEM,cobalt_orange_beach_al,Cobalt the Restaurant,Orange Beach,AL,US,,,,,,kids_entree,,,,,,FALSE,,menu_kids,Kids,sec_menu_kids_kids_menu,,,item_menu_kids_pasta_marinara,Pasta Marinara,,5.00,fixed,,,kids_entree,,,,,,,,,,,,,,,,,,,,,,,5.00,
MENU_ITEM,cobalt_orange_beach_al,Cobalt the Restaurant,Orange Beach,AL,US,,,,,,kids_entree,,,,,,FALSE,,menu_kids,Kids,sec_menu_kids_kids_menu,,,item_menu_kids_pasta_alfredo,Pasta Alfredo,,6.00,fixed,,,kids_entree,,,,,,,,,,,,,,,,,,,,,,,6.00,
MENU_ITEM,cobalt_orange_beach_al,Cobalt the Restaurant,Orange Beach,AL,US,,,,,,kids_drink,,,,,,FALSE,,menu_kids,Kids,sec_menu_kids_kids_menu,,,item_menu_kids_virgin_frozen_daiquiri,Virgin Frozen Daiquiri,Choose flavor.,6.00,fixed,,og_kids_virgin_daiquiri_flavor,kids_drink,,,,,,,,,,,,,,,,,,,,,,,6.00,
MENU_ITEM,cobalt_orange_beach_al,Cobalt the Restaurant,Orange Beach,AL,US,,,,,,kids_drink,,,,,,FALSE,,menu_kids,Kids,sec_menu_kids_kids_menu,,,item_menu_kids_fairlife_milk,Fairlife Milk,Choose flavor.,2.50,fixed,,og_kids_milk_flavor,kids_drink,,,,,,,,,,,,,,,,,,,,,,,2.50,
MENU_ITEM,cobalt_orange_beach_al,Cobalt the Restaurant,Orange Beach,AL,US,,,,,,kids_drink,,,,,,FALSE,,menu_kids,Kids,sec_menu_kids_kids_menu,,,item_menu_kids_juice,Juice,Choose flavor.,2.50,fixed,,og_kids_juice_flavor,kids_drink,,,,,,,,,,,,,,,,,,,,,,,2.50,
MENU_ITEM,cobalt_orange_beach_al,Cobalt the Restaurant,Orange Beach,AL,US,,,,,,kids_drink,,,,,,FALSE,,menu_kids,Kids,sec_menu_kids_kids_menu,,,item_menu_kids_abita_rootbeer,Abita Rootbeer,,3.50,fixed,,,kids_drink,,,,,,,,,,,,,,,,,,,,,,,3.50,
MENU_ITEM,cobalt_orange_beach_al,Cobalt the Restaurant,Orange Beach,AL,US,,,,,,kids_drink,,,,,,FALSE,,menu_kids,Kids,sec_menu_kids_kids_menu,,,item_menu_kids_soft_drinks,Soft Drinks,Coca-Cola products.,3.50,fixed,,,kids_drink,,,,,,,,,,,,,,,,,,,,,,,3.50,
MENU_ITEM,cobalt_orange_beach_al,Cobalt the Restaurant,Orange Beach,AL,US,,,,,,kids_drink,,,,,,FALSE,,menu_kids,Kids,sec_menu_kids_kids_menu,,,item_menu_kids_sweet_or_unsweet_tea,Sweet or Unsweet Tea,,3.00,fixed,,,kids_drink,,,,,,,,,,,,,,,,,,,,,,,3.00,
MENU_SECTION,cobalt_orange_beach_al,Cobalt the Restaurant,Orange Beach,AL,US,,,,,,,,,,,,,,menu_brunch,Brunch,sec_menu_brunch_eggs_benedict,Eggs Benedict,Sunday 11:00-14:00,,,,,,,,,,,,,,,,,,,,,,,,,,,,,,,,
MENU_ITEM,cobalt_orange_beach_al,Cobalt the Restaurant,Orange Beach,AL,US,,,,,,brunch,,,,,,FALSE,,menu_brunch,Brunch,sec_menu_brunch_eggs_benedict,,,item_menu_brunch_crab_and_scallop_cake_benedict,Crab and Scallop Cake Benedict,Two fried crab and scallop cakes over an English muffin; poached eggs; fire roasted red bell pepper hollandaise.,15.00,fixed,,og_brunch_side_choice,brunch,,,,,,,,,,,,,,,,,,,,,,,15.00,
MENU_ITEM,cobalt_orange_beach_al,Cobalt the Restaurant,Orange Beach,AL,US,,,,,,brunch,,,,,,FALSE,,menu_brunch,Brunch,sec_menu_brunch_eggs_benedict,,,item_menu_brunch_traditional_benedict,Traditional Benedict,Two English muffins with smoked Canadian bacon; poached eggs; Louisiana hot sauce hollandaise.,12.00,fixed,,og_brunch_side_choice,brunch,,,,,,,,,,,,,,,,,,,,,,,12.00,
MENU_SECTION,cobalt_orange_beach_al,Cobalt the Restaurant,Orange Beach,AL,US,,,,,,,,,,,,,,menu_brunch,Brunch,sec_menu_brunch_omelets,Omelets,Sunday 11:00-14:00,,,,,,,,,,,,,,,,,,,,,,,,,,,,,,,,
MENU_ITEM,cobalt_orange_beach_al,Cobalt the Restaurant,Orange Beach,AL,US,,,,,,brunch,,,,,,FALSE,,menu_brunch,Brunch,sec_menu_brunch_omelets,,,item_menu_brunch_western_omelet,Western Omelet,"Andouille sausage, tomato, onion, tasso, cheddar; house-made salsa.",12.00,fixed,,og_brunch_side_choice,brunch,,,,,,,,,,,,,,,,,,,,,,,12.00,
MENU_ITEM,cobalt_orange_beach_al,Cobalt the Restaurant,Orange Beach,AL,US,,,,,,brunch,,,,,,FALSE,,menu_brunch,Brunch,sec_menu_brunch_omelets,,,item_menu_brunch_seafood_omelet,Seafood Omelet,"Bay shrimp, blue crab, spinach, onion, Parmesan; roasted red bell pepper hollandaise.",16.00,fixed,,og_brunch_side_choice,brunch,,,,,,,,,,,,,,,,,,,,,,,16.00,
MENU_ITEM,cobalt_orange_beach_al,Cobalt the Restaurant,Orange Beach,AL,US,,,,,,brunch,,,,,,FALSE,,menu_brunch,Brunch,sec_menu_brunch_omelets,,,item_menu_brunch_vegetable_omelet,Vegetable Omelet,"Tomato, spinach, onion, bell pepper.",10.00,fixed,,og_brunch_side_choice,brunch,,,,,,,,,,,,,,,,,,,,,,,10.00,
MENU_ITEM,cobalt_orange_beach_al,Cobalt the Restaurant,Orange Beach,AL,US,,,,,,brunch,,,,,,FALSE,,menu_brunch,Brunch,sec_menu_brunch_omelets,,,item_menu_brunch_cheese_omelet,Cheese Omelet,Cheddar.,9.00,fixed,,og_brunch_side_choice,brunch,,,,,,,,,,,,,,,,,,,,,,,9.00,
MENU_SECTION,cobalt_orange_beach_al,Cobalt the Restaurant,Orange Beach,AL,US,,,,,,,,,,,,,,menu_brunch,Brunch,sec_menu_brunch_brunch_specials,Brunch Specials,Sunday 11:00-14:00,,,,,,,,,,,,,,,,,,,,,,,,,,,,,,,,
MENU_ITEM,cobalt_orange_beach_al,Cobalt the Restaurant,Orange Beach,AL,US,,,,,,brunch,,,,,,FALSE,,menu_brunch,Brunch,sec_menu_brunch_brunch_specials,,,item_menu_brunch_shrimp_and_grits,Shrimp and Grits,Gulf shrimp sautéed with onions and house-made tasso and sherry cream sauce; pepper jack cheese grits.,16.00,fixed,,,brunch,,,,,,,,,,,,,,,,,,,,,,,16.00,
MENU_ITEM,cobalt_orange_beach_al,Cobalt the Restaurant,Orange Beach,AL,US,,,,,,brunch,,,,,,FALSE,,menu_brunch,Brunch,sec_menu_brunch_brunch_specials,,,item_menu_brunch_french_toast,French Toast,Fruit compote of the day; powdered sugar; side of bacon.,11.00,fixed,,,brunch,,,,,,,,,,,,,,,,,,,,,,,11.00,
MENU_ITEM,cobalt_orange_beach_al,Cobalt the Restaurant,Orange Beach,AL,US,,,,,,brunch,,,,,,FALSE,,menu_brunch,Brunch,sec_menu_brunch_brunch_specials,,,item_menu_brunch_blackened_fish_of_the_day,Blackened Fish of the Day,Cilantro pilaf and citrus beurre blanc.,14.00,fixed,,,brunch,,,,,,,,,,,,,,,,,,,,,,,14.00,
MENU_ITEM,cobalt_orange_beach_al,Cobalt the Restaurant,Orange Beach,AL,US,,,,,,brunch,,,,,,FALSE,,menu_brunch,Brunch,sec_menu_brunch_brunch_specials,,,item_menu_brunch_potatoes_o_brien_and_eggs,Potatoes O'Brien and Eggs,Potatoes O'Brien with tasso and three eggs; cheddar; roasted red bell pepper hollandaise.,10.00,fixed,,,brunch,,,,,,,,,,,,,,,,,,,,,,,10.00,
MENU_ITEM,cobalt_orange_beach_al,Cobalt the Restaurant,Orange Beach,AL,US,,,,,,brunch,,,,,,FALSE,,menu_brunch,Brunch,sec_menu_brunch_brunch_specials,,,item_menu_brunch_the_roscoe,The Roscoe,Sweet heat fried chicken with French toast; fruit compote; honey drizzle.,13.00,fixed,,,brunch,,,,,,,,,,,,,,,,,,,,,,,13.00,
MENU_SECTION,cobalt_orange_beach_al,Cobalt the Restaurant,Orange Beach,AL,US,,,,,,,,,,,,,,menu_brunch,Brunch,sec_menu_brunch_brunch_drinks,Brunch Drinks,Sunday 11:00-14:00,,,,,,,,,,,,,,,,,,,,,,,,,,,,,,,,
MENU_ITEM,cobalt_orange_beach_al,Cobalt the Restaurant,Orange Beach,AL,US,,,,,,brunch_drink,,,,,,FALSE,,menu_brunch,Brunch,sec_menu_brunch_brunch_drinks,,,item_menu_brunch_mimosa,Mimosa,,4.00,fixed,,,brunch_drink,,,,,,,,,,,,,,,,,,,,,,,4.00,
MENU_ITEM,cobalt_orange_beach_al,Cobalt the Restaurant,Orange Beach,AL,US,,,,,,brunch_drink,,,,,,FALSE,,menu_brunch,Brunch,sec_menu_brunch_brunch_drinks,,,item_menu_brunch_poinsetta,Poinsetta,,4.00,fixed,,,brunch_drink,,,,,,,,,,,,,,,,,,,,,,,4.00,
MENU_ITEM,cobalt_orange_beach_al,Cobalt the Restaurant,Orange Beach,AL,US,,,,,,brunch_drink,,,,,,FALSE,,menu_brunch,Brunch,sec_menu_brunch_brunch_drinks,,,item_menu_brunch_bloody_mary,Bloody Mary,,4.00,fixed,,,brunch_drink,,,,,,,,,,,,,,,,,,,,,,,4.00,
MENU_ITEM,cobalt_orange_beach_al,Cobalt the Restaurant,Orange Beach,AL,US,,,,,,brunch_drink,,,,,,FALSE,,menu_brunch,Brunch,sec_menu_brunch_brunch_drinks,,,item_menu_brunch_screwdriver,Screwdriver,,4.00,fixed,,,brunch_drink,,,,,,,,,,,,,,,,,,,,,,,4.00,
MENU_ITEM,cobalt_orange_beach_al,Cobalt the Restaurant,Orange Beach,AL,US,,,,,,brunch_drink,,,,,,FALSE,,menu_brunch,Brunch,sec_menu_brunch_brunch_drinks,,,item_menu_brunch_champagne,Champagne,,5.00,fixed,,,brunch_drink,,,,,,,,,,,,,,,,,,,,,,,5.00,
MENU_SECTION,cobalt_orange_beach_al,Cobalt the Restaurant,Orange Beach,AL,US,,,,,,,,,,,,,,menu_brunch,Brunch,sec_menu_brunch_brunch_sides,Brunch Sides,Sunday 11:00-14:00,,,,,,,,,,,,,,,,,,,,,,,,,,,,,,,,
MENU_ITEM,cobalt_orange_beach_al,Cobalt the Restaurant,Orange Beach,AL,US,,,,,,brunch_side,,,,,,FALSE,,menu_brunch,Brunch,sec_menu_brunch_brunch_sides,,,item_menu_brunch_buttermilk_pepper_jack_cheese_grits,Buttermilk Pepper Jack Cheese Grits,,4.00,fixed,,,brunch_side,,,,,,,,,,,,,,,,,,,,,,,4.00,
MENU_ITEM,cobalt_orange_beach_al,Cobalt the Restaurant,Orange Beach,AL,US,,,,,,brunch_side,,,,,,FALSE,,menu_brunch,Brunch,sec_menu_brunch_brunch_sides,,,item_menu_brunch_potatoes_o_brien,Potatoes O'Brien,,4.00,fixed,,,brunch_side,,,,,,,,,,,,,,,,,,,,,,,4.00,
MENU_ITEM,cobalt_orange_beach_al,Cobalt the Restaurant,Orange Beach,AL,US,,,,,,brunch_side,,,,,,FALSE,,menu_brunch,Brunch,sec_menu_brunch_brunch_sides,,,item_menu_brunch_bacon,Bacon,,4.00,fixed,,,brunch_side,,,,,,,,,,,,,,,,,,,,,,,4.00,
MENU_ITEM,cobalt_orange_beach_al,Cobalt the Restaurant,Orange Beach,AL,US,,,,,,brunch_side,,,,,,FALSE,,menu_brunch,Brunch,sec_menu_brunch_brunch_sides,,,item_menu_brunch_fresh_fruit,Fresh Fruit,,4.00,fixed,,,brunch_side,,,,,,,,,,,,,,,,,,,,,,,4.00,
MENU_SECTION,cobalt_orange_beach_al,Cobalt the Restaurant,Orange Beach,AL,US,,,,,,,,,,,,,,menu_happy_hour,HappyHour,sec_menu_happy_hour_drink_specials,Drink Specials,Daily 16:00-18:00,,,,,,,,,,,,,,,,,,,,,,,,,,,,,,,,
MENU_ITEM,cobalt_orange_beach_al,Cobalt the Restaurant,Orange Beach,AL,US,,,,,,happy_hour_drink,,,,,,TRUE,happy_hour,menu_happy_hour,HappyHour,sec_menu_happy_hour_drink_specials,,,item_menu_happy_hour_urban_south_paradise_park_draft,Urban South Paradise Park Draft,,2.50,fixed,,,happy_hour_drink,,,,,,,,,,,,,,,,,,,,,,,2.50,
MENU_ITEM,cobalt_orange_beach_al,Cobalt the Restaurant,Orange Beach,AL,US,,,,,,happy_hour_drink,,,,,,TRUE,happy_hour,menu_happy_hour,HappyHour,sec_menu_happy_hour_drink_specials,,,item_menu_happy_hour_luna_s_house_brew,Luna's House Brew,,2.50,fixed,,,happy_hour_drink,,,,,,,,,,,,,,,,,,,,,,,2.50,
MENU_ITEM,cobalt_orange_beach_al,Cobalt the Restaurant,Orange Beach,AL,US,,,,,,happy_hour_drink,,,,,,TRUE,happy_hour,menu_happy_hour,HappyHour,sec_menu_happy_hour_drink_specials,,,item_menu_happy_hour_good_people_muchacho,Good People Muchacho,,3.00,fixed,,,happy_hour_drink,,,,,,,,,,,,,,,,,,,,,,,3.00,
MENU_ITEM,cobalt_orange_beach_al,Cobalt the Restaurant,Orange Beach,AL,US,,,,,,happy_hour_drink,,,,,,TRUE,happy_hour,menu_happy_hour,HappyHour,sec_menu_happy_hour_drink_specials,,,item_menu_happy_hour_braided_river_hoppy_by_nature_ipa,Braided River Hoppy by Nature IPA,,5.00,fixed,,,happy_hour_drink,,,,,,,,,,,,,,,,,,,,,,,5.00,
MENU_ITEM,cobalt_orange_beach_al,Cobalt the Restaurant,Orange Beach,AL,US,,,,,,happy_hour_drink,,,,,,TRUE,happy_hour,menu_happy_hour,HappyHour,sec_menu_happy_hour_drink_specials,,,item_menu_happy_hour_house_wine,House Wine,,3.00,fixed,,,happy_hour_drink,,,,,,,,,,,,,,,,,,,,,,,3.00,
MENU_ITEM,cobalt_orange_beach_al,Cobalt the Restaurant,Orange Beach,AL,US,,,,,,happy_hour_drink,,,,,,TRUE,happy_hour,menu_happy_hour,HappyHour,sec_menu_happy_hour_drink_specials,,,item_menu_happy_hour_well_drinks,Well Drinks,,3.50,fixed,,,happy_hour_drink,,,,,,,,,,,,,,,,,,,,,,,3.50,
MENU_SECTION,cobalt_orange_beach_al,Cobalt the Restaurant,Orange Beach,AL,US,,,,,,,,,,,,,,menu_happy_hour,HappyHour,sec_menu_happy_hour_appetizers,Appetizers,Daily 16:00-18:00,,,,,,,,,,,,,,,,,,,,,,,,,,,,,,,,
MENU_ITEM,cobalt_orange_beach_al,Cobalt the Restaurant,Orange Beach,AL,US,,,,,,happy_hour_food,,,,,,TRUE,happy_hour,menu_happy_hour,HappyHour,sec_menu_happy_hour_appetizers,,,item_menu_happy_hour_raw_oysters,Raw Oysters,,market,market,,og_oyster_qty,happy_hour_food,,,,,,,,,,,,,,,,,,,,,,,market,
MENU_ITEM,cobalt_orange_beach_al,Cobalt the Restaurant,Orange Beach,AL,US,,,,,,happy_hour_food,,,,,,TRUE,happy_hour,menu_happy_hour,HappyHour,sec_menu_happy_hour_appetizers,,,item_menu_happy_hour_cheese_pizza,Cheese Pizza,,8.00,fixed,,,happy_hour_food,,,,,,,,,,,,,,,,,,,,,,,8.00,
MENU_ITEM,cobalt_orange_beach_al,Cobalt the Restaurant,Orange Beach,AL,US,,,,,,happy_hour_food,,,,,,TRUE,happy_hour,menu_happy_hour,HappyHour,sec_menu_happy_hour_appetizers,,,item_menu_happy_hour_cobalt_caviar,Cobalt Caviar,"Black beans, edamame, corn, red onion, roma tomatoes and cilantro; vinaigrette; tortilla chips.",5.00,fixed,,,happy_hour_food,,,,,,,,,,,,,,,,,,,,,,,5.00,
MENU_ITEM,cobalt_orange_beach_al,Cobalt the Restaurant,Orange Beach,AL,US,,,,,,happy_hour_food,,,,,,TRUE,happy_hour,menu_happy_hour,HappyHour,sec_menu_happy_hour_appetizers,,,item_menu_happy_hour_cheese_dip,Cheese Dip,Parmesan and Swiss; Cotija; poblano green tomato relish; corn chips.,8.00,fixed,,,happy_hour_food,,,,,,,,,,,,,,,,,,,,,,,8.00,
MENU_ITEM,cobalt_orange_beach_al,Cobalt the Restaurant,Orange Beach,AL,US,,,,,,happy_hour_food,,,,,,TRUE,happy_hour,menu_happy_hour,HappyHour,sec_menu_happy_hour_appetizers,,,item_menu_happy_hour_firecracker_shrimp,Firecracker Shrimp,Lightly dusted fried bay shrimp; spicy remoulade.,8.00,fixed,,,happy_hour_food,,,,,,,,,,,,,,,,,,,,,,,8.00,
MENU_SECTION,cobalt_orange_beach_al,Cobalt the Restaurant,Orange Beach,AL,US,,,,,,,,,,,,,,menu_sunset,Sunset,sec_menu_sunset_entr_es,Entrées,Daily 16:00-19:00,,,,,,,,,,,,,,,,,,,,Specials menu.,,,,,,,,,,,,
MENU_ITEM,cobalt_orange_beach_al,Cobalt the Restaurant,Orange Beach,AL,US,,,,,,sunset_food,,,,,,TRUE,sunset_specials,menu_sunset,Sunset,sec_menu_sunset_entr_es,,,item_menu_sunset_tournedo,Tournedo,4 oz tenderloin medallion; smoked cheddar bacon mashed potatoes; grilled asparagus; Cobalt steak butter.,17.00,fixed,,,sunset_food,,,,,,,,,,,,,,,,,,,,,,,17.00,
MENU_ITEM,cobalt_orange_beach_al,Cobalt the Restaurant,Orange Beach,AL,US,,,,,,sunset_food,,,,,,TRUE,sunset_specials,menu_sunset,Sunset,sec_menu_sunset_entr_es,,,item_menu_sunset_grilled_gulf_shrimp_grits,Grilled Gulf Shrimp & Grits,"Six large shrimp skewered, chargrilled; Cajun cream; pepper jack grits.",14.00,fixed,,,sunset_food,,,,,,,,,,,,,,,,,,,,,,,14.00,
MENU_ITEM,cobalt_orange_beach_al,Cobalt the Restaurant,Orange Beach,AL,US,,,,,,sunset_food,,,,,,TRUE,sunset_specials,menu_sunset,Sunset,sec_menu_sunset_entr_es,,,item_menu_sunset_parmesan_italian_chicken,Parmesan Italian Chicken,Italian herb-crusted chicken; pepper jack grits; fried Brussels sprouts; Creole tasso gravy.,13.00,fixed,,,sunset_food,,,,,,,,,,,,,,,,,,,,,,,13.00,
MENU_ITEM,cobalt_orange_beach_al,Cobalt the Restaurant,Orange Beach,AL,US,,,,,,sunset_food,,,,,,TRUE,sunset_specials,menu_sunset,Sunset,sec_menu_sunset_entr_es,,,item_menu_sunset_sunset_catch,Sunset Catch,"6 oz filet grilled, blackened, or fried; jambalaya rice; brown butter green beans.",market,market,,og_cooking_style|og_oscar_addon,sunset_food,,,,,,,,,,,,,,,,,,,,,,,market,
MENU_ITEM,cobalt_orange_beach_al,Cobalt the Restaurant,Orange Beach,AL,US,,,,,,sunset_food,,,,,,TRUE,sunset_specials,menu_sunset,Sunset,sec_menu_sunset_entr_es,,,item_menu_sunset_white_bbq_pork_tenderloin,White BBQ Pork Tenderloin,4 oz tenderloin; Brie gnocchi; fried Brussels sprouts; fried onion rings; pepper jelly.,12.00,fixed,,,sunset_food,,,,,,,,,,,,,,,,,,,,,,,12.00,
MENU_ITEM,cobalt_orange_beach_al,Cobalt the Restaurant,Orange Beach,AL,US,,,,,,sunset_food,,,,,,TRUE,sunset_specials,menu_sunset,Sunset,sec_menu_sunset_entr_es,,,item_menu_sunset_fried_shrimp_platter,Fried Shrimp Platter,Fried Gulf shrimp; fries; coleslaw; cocktail or tartar sauce.,15.00,fixed,,og_fried_platter_sauce,sunset_food,,,,,,,,,,,,,,,,,,,,,,,15.00,
MENU_ITEM,cobalt_orange_beach_al,Cobalt the Restaurant,Orange Beach,AL,US,,,,,,sunset_food,,,,,,TRUE,sunset_specials,menu_sunset,Sunset,sec_menu_sunset_entr_es,,,item_menu_sunset_pecan_fried_catfish,Pecan Fried Catfish,"Alabama farm-raised filets over tasso ham, sweet corn and black-eyed pea succotash; dill tartar.",15.00,fixed,,,sunset_food,,,,,,,,,,,,,,,,,,,,,,,15.00,
MENU_SECTION,cobalt_orange_beach_al,Cobalt the Restaurant,Orange Beach,AL,US,,,,,,,,,,,,,,menu_sunset,Sunset,sec_menu_sunset_soups_salads,Soups & Salads,Daily 16:00-19:00,,,,,,,,,,,,,,,,,,,,Specials menu.,,,,,,,,,,,,
MENU_ITEM,cobalt_orange_beach_al,Cobalt the Restaurant,Orange Beach,AL,US,,,,,,sunset_food,,,,,,TRUE,sunset_specials,menu_sunset,Sunset,sec_menu_sunset_soups_salads,,,item_menu_sunset_cup_of_crab_bisque,Cup of Crab Bisque,,6.00,fixed,Cup,,sunset_food,,,,,,,,,,,,,,,,,,,,,,,6.00,
MENU_ITEM,cobalt_orange_beach_al,Cobalt the Restaurant,Orange Beach,AL,US,,,,,,sunset_food,,,,,,TRUE,sunset_specials,menu_sunset,Sunset,sec_menu_sunset_soups_salads,,,item_menu_sunset_cup_of_soup_of_the_day,Cup of Soup of the Day,,5.00,fixed,Cup,,sunset_food,,,,,,,,,,,,,,,,,,,,,,,5.00,
MENU_ITEM,cobalt_orange_beach_al,Cobalt the Restaurant,Orange Beach,AL,US,,,,,,sunset_food,,,,,,TRUE,sunset_specials,menu_sunset,Sunset,sec_menu_sunset_soups_salads,,,item_menu_sunset_small_house_salad,Small House Salad,,4.00,fixed,Small,,sunset_food,,,,,,,,,,,,,,,,,,,,,,,4.00,
MENU_ITEM,cobalt_orange_beach_al,Cobalt the Restaurant,Orange Beach,AL,US,,,,,,sunset_food,,,,,,TRUE,sunset_specials,menu_sunset,Sunset,sec_menu_sunset_soups_salads,,,item_menu_sunset_small_caesar_salad,Small Caesar Salad,,5.00,fixed,Small,,sunset_food,,,,,,,,,,,,,,,,,,,,,,,5.00,
MENU_SECTION,cobalt_orange_beach_al,Cobalt the Restaurant,Orange Beach,AL,US,,,,,,,,,,,,,,menu_drinks,Drinks,sec_menu_drinks_specialty_drinks,Specialty Drinks,,,,,,,,,,,,,,,,,,,,,,,,,,,,,,,,,
MENU_ITEM,cobalt_orange_beach_al,Cobalt the Restaurant,Orange Beach,AL,US,,,,,,cocktail,,,,,,FALSE,,menu_drinks,Drinks,sec_menu_drinks_specialty_drinks,,,item_menu_drinks_orange_beach_margarita,Orange Beach Margarita,Lunazul Silver with fresh lemon and lime; Gran Gala; orange zest; house crafted salt.,12.00,fixed,,og_ob_margarita_upgrade,cocktail,,,,,,,,,,,,,,,,,,,,,,,12.00,
MENU_ITEM,cobalt_orange_beach_al,Cobalt the Restaurant,Orange Beach,AL,US,,,,,,cocktail,,,,,,FALSE,,menu_drinks,Drinks,sec_menu_drinks_specialty_drinks,,,item_menu_drinks_the_lost_paloma,The Lost Paloma,"Ruby red grapefruit, agave, Tajin, lime; ends with Montelobos Mezcal.",13.00,fixed,,og_lost_paloma_spice,cocktail,,,,,,,,,,,,,,,,,,,,,,,13.00,
MENU_ITEM,cobalt_orange_beach_al,Cobalt the Restaurant,Orange Beach,AL,US,,,,,,cocktail,,,,,,FALSE,,menu_drinks,Drinks,sec_menu_drinks_specialty_drinks,,,item_menu_drinks_bourbon_blush,Bourbon Blush,"Makers Mark bourbon with lemon, mint, pomegranate cactus pear juice, and Vermont maple syrup.",13.00,fixed,,,cocktail,,,,,,,,,,,,,,,,,,,,,,,13.00,
MENU_ITEM,cobalt_orange_beach_al,Cobalt the Restaurant,Orange Beach,AL,US,,,,,,cocktail,,,,,,FALSE,,menu_drinks,Drinks,sec_menu_drinks_specialty_drinks,,,item_menu_drinks_espresso_martini,Espresso Martini,"Smirnoff Whipped Vodka, Kalúha, Bailey's, espresso.",12.00,fixed,,,cocktail,,,,,,,,,,,,,,,,,,,,,,,12.00,
MENU_ITEM,cobalt_orange_beach_al,Cobalt the Restaurant,Orange Beach,AL,US,,,,,,cocktail,,,,,,FALSE,,menu_drinks,Drinks,sec_menu_drinks_specialty_drinks,,,item_menu_drinks_sangria,Sangria,Choice of red or white.,10.00,fixed,,,cocktail,,,,,,,,,,,,,,,,,,,,,,,10.00,
MENU_ITEM,cobalt_orange_beach_al,Cobalt the Restaurant,Orange Beach,AL,US,,,,,,cocktail,,,,,,FALSE,,menu_drinks,Drinks,sec_menu_drinks_specialty_drinks,,,item_menu_drinks_ube_squeeze,Ube Squeeze,"Sweet ube, Smirnoff Raspberry Vodka, lemonade.",11.00,fixed,,,cocktail,,,,,,,,,,,,,,,,,,,,,,,11.00,
MENU_ITEM,cobalt_orange_beach_al,Cobalt the Restaurant,Orange Beach,AL,US,,,,,,cocktail,,,,,,FALSE,,menu_drinks,Drinks,sec_menu_drinks_specialty_drinks,,,item_menu_drinks_pain_killer,Pain Killer,"Pineapple, orange, coconut; Captain Morgan Spiced Rum; nutmeg.",11.00,fixed,,og_floater_addon,cocktail,,,,,,,,,,,,,,,,,,,,,,,11.00,
MENU_ITEM,cobalt_orange_beach_al,Cobalt the Restaurant,Orange Beach,AL,US,,,,,,cocktail,,,,,,FALSE,,menu_drinks,Drinks,sec_menu_drinks_specialty_drinks,,,item_menu_drinks_the_lei,The Lei,"Captain Morgan Spiced Rum, Cruzan Coconut Rum, Blue Curaçao, pineapple juice.",10.00,fixed,,,cocktail,,,,,,,,,,,,,,,,,,,,,,,10.00,
MENU_SECTION,cobalt_orange_beach_al,Cobalt the Restaurant,Orange Beach,AL,US,,,,,,,,,,,,,,menu_drinks,Drinks,sec_menu_drinks_frozen_drinks,Frozen Drinks,,,,,,,,,,,,,,,,,,,,,,,,,,,,,,,,,
MENU_ITEM,cobalt_orange_beach_al,Cobalt the Restaurant,Orange Beach,AL,US,,,,,,frozen,,,,,,FALSE,,menu_drinks,Drinks,sec_menu_drinks_frozen_drinks,,,item_menu_drinks_bushwacker,Bushwacker,"Cruzan Coconut Rum, coffee liqueur, dark créme de cocoa, vanilla bean ice cream.",12.00,fixed,,og_floater_addon,frozen,,,,,,,,,,,,,,,,,,,,,,,12.00,
MENU_ITEM,cobalt_orange_beach_al,Cobalt the Restaurant,Orange Beach,AL,US,,,,,,frozen,,,,,,FALSE,,menu_drinks,Drinks,sec_menu_drinks_frozen_drinks,,,item_menu_drinks_daiquiri,Daiquiri,"Choice of Strawberry, Banana, Piña Colada, or Strawberry Colada blended with house rum.",12.00,fixed,,og_daiquiri_flavor,frozen,,,,,,,,,,,,,,,,,,,,,,,12.00,
MENU_ITEM,cobalt_orange_beach_al,Cobalt the Restaurant,Orange Beach,AL,US,,,,,,frozen,,,,,,FALSE,,menu_drinks,Drinks,sec_menu_drinks_frozen_drinks,,,item_menu_drinks_margarita_frozen,Margarita (Frozen),House tequila and Pelican Bay margarita mix; salt rim; lime.,12.00,fixed,,,frozen,,,,,,,,,,,,,,,,,,,,,,,12.00,
POLICY,cobalt_orange_beach_al,Cobalt the Restaurant,Orange Beach,AL,US,,,,,,,,,,,,,,,,,,,,,,,,,,,,,,,,,,,,FoodSafetyWarning,,"Risk associated with consuming raw or undercooked beef, fish, chicken or shellfish. Higher risk with certain chronic illnesses or immune disorders. If unsure, consult a physician.",,,,,,,,,,,,
POLICY,cobalt_orange_beach_al,Cobalt the Restaurant,Orange Beach,AL,US,,,,,,,,,,,,,,,,,,,,,,,,,,,,,,,,,,,,FryingOil,,We fry food in 100% Canola oil.,,,,,,,,,,,,
POLICY,cobalt_orange_beach_al,Cobalt the Restaurant,Orange Beach,AL,US,,,,,,,,,,,,,,,,,,,,,,,,,,,,,,,,,,,,PriceChangeNotice,,All items and prices subject to change.,,,,,,,,,,,,
EVENT,cobalt_orange_beach_al,Cobalt the Restaurant,Orange Beach,AL,US,,,,,,,,,,,,,,,,,,,,,,,,,,,,,,,,,,,,,,,ev_happy_hour_daily,happy_hour,Happy Hour,,16:00,18:00,Daily,,Drink + appetizer specials (see Happy Hour menu).,Free,,User-provided text
EVENT,cobalt_orange_beach_al,Cobalt the Restaurant,Orange Beach,AL,US,,,,,,,,,,,,,,,,,,,,,,,,,,,,,,,,,,,,,,,ev_sunset_specials_daily,sunset_specials,Sunset Specials,,16:00,19:00,Daily,,Sunset Menu specials available daily 4–7 p.m.,Free,,User-provided text
EVENT,cobalt_orange_beach_al,Cobalt the Restaurant,Orange Beach,AL,US,,,,,,,,,,,,,,,,,,,,,,,,,,,,,,,,,,,,,,,ev_sunday_brunch_weekly,brunch,Sunday Brunch,,11:00,14:00,Weekly (Sunday),,Sunday Brunch served every Sunday 11 a.m.–2 p.m.,Free,,User-provided text
